adaptation,avg_isi,electrode_0_pa,f_i_curve_slope,fast_trough_t_long_square,fast_trough_t_ramp,fast_trough_t_short_square,fast_trough_v_long_square,fast_trough_v_ramp,fast_trough_v_short_square,has_burst,has_delay,has_pause,id,input_resistance_mohm,latency,peak_t_long_square,peak_t_ramp,peak_t_short_square,peak_v_long_square,peak_v_ramp,peak_v_short_square,rheobase_sweep_id,rheobase_sweep_number,ri,sag,seal_gohm,slow_trough_t_long_square,slow_trough_t_ramp,slow_trough_t_short_square,slow_trough_v_long_square,slow_trough_v_ramp,slow_trough_v_short_square,specimen_id,tau,threshold_i_long_square,threshold_i_ramp,threshold_i_short_square,threshold_t_long_square,threshold_t_ramp,threshold_t_short_square,threshold_v_long_square,threshold_v_ramp,threshold_v_short_square,thumbnail_sweep_id,trough_t_long_square,trough_t_ramp,trough_t_short_square,trough_v_long_square,trough_v_ramp,trough_v_short_square,upstroke_downstroke_ratio_long_square,upstroke_downstroke_ratio_ramp,upstroke_downstroke_ratio_short_square,vm_for_sag,vrest
,134.7,22.6974983946748,0.0833545918367347,1.18768,13.2952,1.025916,-56.3750038146973,-57.3854204813639,-57.4312507629395,False,False,False,529951870,54.894264,0.0745600000000002,1.18506,13.2928933333333,1.023716,47.8750038146973,47.4375025431315,48.0750022888184,529881372,78,60.7811734080315,0.116451561450958,1.488282368,,,,,,,529878215,20.4950337481237,290.0,306.791656494141,1989.99987792969,1.18448,13.2922666666667,1.023104,-39.0,-40.4166692097982,-49.0187522888184,529881376,1.18826,13.29568,1.13478,-56.5937538146973,-57.7395858764648,-74.1437530517578,3.02969518402454,3.06164573363233,2.969820727143,-80.46875,-73.5533905029297
,,-24.8874983121983,-3.9136297537092996e-19,1.09984,20.650105,1.02546,-54.0,-54.8281288146973,-54.6562538146973,False,False,False,549196534,103.684656,0.0624800000000001,1.09782,20.64813,1.02392,36.4375,38.3515653610229,36.6562538146973,549115259,55,99.9999195337296,0.206350937485695,2.276368128,,,,,,,548459652,25.1311724055763,310.0,490.718734741211,1800.0,1.09726,20.6475,1.02338,-40.4687538146973,-39.5000009536743,-49.0312538146973,549115266,1.11982,20.650735,1.16094,-55.4062538146973,-55.2421913146973,-73.5,2.44189466857354,2.24565287496842,2.23157450081467,-84.4062576293945,-73.0565948486328
0.0934923432200287,112.245,3.01500014190936,0.15,1.1092,5.45828666666667,1.02502,-51.0625038146973,-57.9166704813639,-56.5312538146973,False,False,False,569112558,310.08192,0.0424600000000002,1.10768,5.45684,1.02356,31.0625,37.9895846048991,37.3125,569099352,47,114.989154040813,0.115893766283989,1.126801536,,5.48395333333333,,,-59.5520871480306,,569095789,14.0551868750163,130.0,110.874997456868,949.999938964844,1.10706,5.45627333333333,1.02304,-40.0000038146973,-44.0416704813639,-46.1875,569099357,1.10948,5.48395333333333,1.2259,-51.4062538146973,-59.5520871480306,-81.8750076293945,2.19987196375147,2.22003076152406,2.23544203432988,-95.8437576293945,-81.0659713745117
0.306257294021868,168.45,-7.34249987199842,0.0726303305565609,1.18894,10.17322,1.0254,-46.90625,-52.1250012715658,-52.40625,False,False,False,528719343,54.027152,0.11042,1.1869,10.1711,1.02348,37.8437538146973,43.4270846048991,40.125,528707472,60,78.1251937150955,0.132676616311073,2.242978304,,,,,,,528706755,33.7427066555222,230.0,228.749994913737,2280.0,1.18632,10.1705533333333,1.02298,-35.1875,-37.4687538146973,-30.3437519073486,528707476,1.1892,10.1734333333333,1.6708,-47.0625,-52.3020846048991,-72.34375,2.80618139261634,3.00719597157213,2.59241624622432,-82.5937576293945,-72.4901351928711
0.322543352601162,8.65000000000005,15.2999991148706,0.03214586846543,1.17316,14.21782,1.02518666666667,-49.7500038146973,-52.6875025431315,-50.1354185740153,False,False,False,508279814,79.530488,0.0879000000000001,1.17146,14.2160133333333,1.02371,37.90625,40.8437512715658,41.0989589691162,508279600,72,77.9687911272049,0.0782083496451378,1.150497536,,,,,,,508279351,27.2643327261422,260.0,329.875,2650.0,1.17088,14.2154133333333,1.02312,-39.5,-37.5729179382324,-54.2343781789144,508279588,1.17318,14.2179333333333,1.02520333333333,-49.8125038146973,-52.8020858764648,-50.1718769073486,2.50746225724583,2.51739783929708,2.63579786362174,-88.5625,-80.5055160522461
,6.1199999999999,11.5150007584663,0.466142385620298,1.07366,7.3806,1.0329,-61.4687538146973,-61.0625038146973,-60.8750038146973,False,False,False,643589184,229.103968,0.0186000000000002,1.0728,7.37936,1.0321,20.5625019073486,9.84375095367432,22.0,643587752,38,135.312497615814,0.0740559995174408,3.241744128,,,,,,,643582610,8.64352768096981,80.0,159.0,420.0,1.0725,7.37898,1.03182,-40.4375,-32.1770858764648,-41.5937538146973,643587722,2.01362,7.38177333333333,1.11558,-61.8125,-61.7291692097982,-73.65625,1.60772310370647,1.23091890450674,1.59505351596724,-89.0312576293945,-73.187744140625
,,61.917498905828,0.0349140909047975,1.16456,8.73022666666667,1.02509,-53.4375,-54.7395871480306,-55.0625038146973,False,False,False,530259209,74.921488,0.08012,1.16248,8.7279,1.023525,34.625,39.0937512715658,36.7656259536743,530098924,55,105.312496423721,0.111412040889263,1.200349312,,8.75708,,,-56.6562538146973,,530097064,32.1982254238938,150.0,192.708333333333,1700.0,1.16192,8.72732,1.02305,-37.5,-37.9270846048991,-43.4062519073486,530098928,1.21488,8.75708,1.511745,-55.4062538146973,-56.6562538146973,-69.6875019073486,2.75802285222808,3.03266507191255,2.78091615351089,-81.5312576293945,-69.2716369628906
0.952678801508656,426.87,21.5324997415722,0.0553797472235746,1.18894,14.0356466666667,1.025096,-53.2500038146973,-55.4895871480306,-54.6687522888184,False,False,False,529960656,62.98186,0.0951600000000001,1.1871,14.0336866666667,1.023592,39.5937538146973,42.2291692097982,40.2937530517578,529910533,55,74.3749588727951,0.196058854460716,1.214419584,,14.1103933333333,,,-56.6145858764648,,529909601,26.0295559435619,190.0,325.375,2260.0,1.18648,14.0331666666667,1.023052,-46.2812538146973,-44.7604192097982,-51.4937522888184,529910537,1.35282,14.1103933333333,1.18674,-57.65625,-56.6145858764648,-76.0500015258789,3.29000737459257,3.49173412804486,2.99850784498514,-83.625,-74.9335632324219
0.0368995879430734,39.3383333333333,-41.1050013471304,0.364333333333334,1.11144,3.73492,1.025208,-53.03125,-53.3281288146973,-53.2125015258789,False,False,False,569822416,261.532848,0.0325600000000001,1.1097,3.73302,1.02358,48.5312538146973,46.15625,47.2562530517578,569820514,34,233.593717217445,0.0831966027617455,4.393674752,,,,,,,569820026,24.4952829459348,50.0,67.8125,460.0,1.10926,3.73256,1.023164,-41.0312538146973,-43.4375038146973,-46.8375007629395,569820519,1.11144,3.73518,1.15702,-53.03125,-53.4843788146973,-72.59375,3.77185003189687,3.82704828589558,3.6187442746499,-97.9687576293945,-71.8226165771484
0.0559457298398741,95.65,-103.442497623174,0.156934306569343,1.22796,3.03400666666667,1.02646,-50.875,-50.7395858764648,-51.84375,False,False,False,542149191,178.22208,0.0432400000000002,1.22514,3.03118,1.02382,32.4375038146973,38.4687525431315,35.40625,542140165,39,301.562547683716,0.102323271334171,1.147893632,,3.07302,,,-51.5520858764648,,542137330,38.929508524781,50.0,50.25,450.0,1.22438,3.03042,1.02316,-36.78125,-39.1770871480306,-43.3125,542140147,1.29348,3.07302,1.2063,-54.46875,-51.5520858764648,-65.28125,2.64352196042897,2.91034412455788,2.97692400848187,-86.2500076293945,-64.9947814941406
0.0146110487180184,52.3888888888889,-5.45500016685407,0.235580915996201,1.12526,2.24373333333333,1.02491666666667,-54.3437538146973,-54.5833358764648,-57.0572942097982,False,False,False,702970297,513.152448,0.03132,1.12348,2.24193333333333,1.02348666666667,44.4062538146973,50.2604179382324,47.817710240682,613508436,51,239.843741059303,0.105282545089722,1.51264384,1.14024,2.26046666666667,,-55.5000038146973,-56.1458358764648,,596887423,15.9506175730182,40.0,30.4999987284342,469.999969482422,1.123,2.24146,1.02306333333333,-36.9062538146973,-39.2604192097982,-39.2239589691162,613508448,1.14024,2.26046666666667,1.74443333333333,-55.5000038146973,-56.1458358764648,-67.8802121480306,3.23160625519249,3.53261469256856,2.8458986034375,-87.9375076293945,-67.0319671630859
0.173609422504516,130.191428571429,1.26999983880022,0.150757578367261,1.11902,6.25434,1.025272,-53.75,-57.7395871480306,-55.2687522888184,False,False,False,549197992,122.71236,0.04288,1.11728,6.25246,1.02374,43.5000038146973,43.1041692097982,41.5562538146973,549120692,43,125.312611460686,0.148382753133774,1.147745408,,,,,,,548473245,20.3599016224075,110.0,130.833333333333,820.0,1.1167,6.25186,1.023168,-43.15625,-45.5312538146973,-48.2000030517578,549120704,1.31682,6.25448666666667,1.140364,-54.3125,-57.8854192097982,-71.4250061035156,2.96321180188122,2.82729014371084,2.80849019719681,-84.0312576293945,-70.2952270507812
,,-46.3724995902748,0.0375064481172381,1.15508,19.36008,1.025608,-48.7812538146973,-53.8854192097982,-50.1187522888184,False,False,False,541029064,41.794288,0.12864,1.15288,19.35782,1.02362,49.2500038146973,48.8437538146973,47.2312515258789,519878577,88,30.3123854100704,0.0738561153411865,1.293721216,,,,,,,519877177,20.6896022292905,410.0,458.541656494141,2230.0,1.15238,19.3573133333333,1.023148,-38.8125038146973,-42.1041679382324,-45.9062522888184,519878555,1.26476,19.3604333333333,1.125984,-52.5312538146973,-54.1041692097982,-71.1750030517578,3.75243801893157,3.93934717784111,3.76766851192256,-74.5,-70.2132110595703
,,-13.7949998646469,0.395901639344262,1.07096,6.43436666666667,1.024172,-58.8750038146973,-59.1145858764648,-57.7625038146973,False,False,False,643590424,229.219104,0.0215800000000002,1.07022,6.43302,1.023352,34.15625,19.7604173024495,29.2125015258789,643590129,27,134.687379002571,0.0791531428694725,2.841749504,,6.43539333333333,,,-59.8333371480306,,643589588,8.73656587359559,90.0,135.291669209798,499.999969482422,1.06992,6.43264666666667,1.023052,-37.8437538146973,-29.083335240682,-43.0062530517578,643590201,1.07104,6.43539333333333,1.474892,-59.03125,-59.8333371480306,-72.4437530517578,1.59366008382509,1.28929405729401,1.70732758099809,-88.28125,-72.0686416625977
0.0408044973348506,110.8075,17.7324994965478,0.140196078431373,1.20952,4.24555333333333,1.02554,-57.0000038146973,-56.2500025431315,-58.4250022888184,False,False,False,505693294,94.226704,0.0470200000000001,1.20766,4.24364666666667,1.023744,45.375,46.5416692097982,45.1625030517578,505692723,32,133.906215429306,0.0135357156395912,1.430418432,,,,,,,505692551,62.6931597037837,90.0,80.5833333333333,700.0,1.20698,4.24296,1.023104,-40.7812538146973,-39.8333346048991,-44.2000022888184,505692727,1.20976,4.24580666666667,1.467528,-57.2812538146973,-56.4375025431315,-61.5437530517578,2.32985984523334,2.42841174568954,2.38206738847687,-73.1875,-60.8738021850586
0.428604599265992,211.626666666667,-19.6850001576987,0.0662207480206123,1.19094,15.2180466666667,1.02612,-46.8125,-51.8437525431315,-48.7500025431315,False,False,False,539671711,46.646864,0.0968,1.18814,15.2152666666667,1.02363333333333,48.5,48.8125012715658,48.2916692097982,539537896,71,49.8437881469727,0.14627106487751,1.402796032,,15.2892,,,-52.5833346048991,,539537094,28.5264406802294,330.0,354.875,2110.0,1.18756,15.2146533333333,1.02307333333333,-41.6875038146973,-46.6145858764648,-48.9479192097982,539537900,1.35932,15.2892,1.18336666666667,-51.9375,-52.5833346048991,-72.1354166666667,4.22824442959207,4.29190129118204,4.34002343850835,-77.6562576293945,-72.5447158813477
,8.59999999999994,-18.9574987652374,0.0149553571428572,1.14996,16.8959,1.02587333333333,-52.4687538146973,-55.2812525431315,-52.3125025431315,False,False,False,539880840,36.988736,0.0906200000000001,1.14726,16.8928333333333,1.02364666666667,50.09375,51.1666692097982,49.3541666666667,539579679,54,42.5000004470348,0.0959402099251747,1.485796608,,16.9861866666667,,,-57.1875025431315,,539578371,31.8823716142066,310.0,396.791666666667,2800.0,1.14668,16.89224,1.02306666666667,-45.46875,-44.5104192097982,-54.3645858764648,539579683,1.15008,16.9861866666667,1.0259,-52.5312538146973,-57.1875025431315,-52.3854192097982,4.9248252948412,4.95318227354403,4.58139517158587,-79.84375,-75.1287689208984
,,-3.78249948723708,0.0676444081844785,1.11404,14.3546133333333,1.025795,-53.4062538146973,-57.9375038146973,-57.3046903610229,False,False,False,576127816,67.182432,0.05626,1.1119,14.35256,1.023785,50.0625038146973,49.1041692097982,49.9531269073486,576117123,78,46.5625189244747,0.0357873253524303,1.382704512,,,,,,,576107598,12.2645876223292,420.0,333.291666666667,1550.0,1.11136,14.35198,1.02325,-38.78125,-42.6562512715658,-51.1015653610229,576117127,1.11416,14.3548466666667,1.14208,-53.5000038146973,-58.21875,-76.6640682220459,3.51433229942442,3.36494074129746,3.62879170207392,-86.75,-76.2017364501953
0.0273991381831315,66.1771428571429,30.6375029512918,0.1895,1.12968,2.51255333333333,1.02582,-59.8125,-59.1666692097982,-60.3125019073486,False,False,False,660971068,149.865504,0.0298,1.12748,2.51014666666667,1.023795,42.8750038146973,43.0312538146973,43.2421884536743,529989466,35,228.571400046349,0.0504920482635498,1.308784,,2.53214,,,-61.1041704813639,,529988200,36.6217557904979,50.0,37.25,570.0,1.12694,2.50958,1.02329,-44.8750038146973,-45.6770833333333,-48.6171913146973,529989472,1.1303,2.53214,1.796965,-60.1562538146973,-61.1041704813639,-70.09375,3.42229220672034,3.53730252854233,3.32928671676528,-96.40625,-69.9031982421875
0.0435237337730956,44.8952380952381,-43.1949996604342,0.262903225806452,1.08498,4.23145333333333,1.02528,-52.5000038146973,-53.4375025431315,-54.7375015258789,False,False,False,660969732,165.13584,0.0222800000000001,1.08322,4.22954,1.023572,38.0000038146973,44.96875,39.7875,541566500,30,208.750039339066,0.101765602827072,1.112231168,,,,,,,541566142,18.1704163258905,70.0,80.2083333333333,440.0,1.08272,4.22904666666667,1.023112,-39.65625,-42.8125012715658,-43.0125030517578,541566506,1.08526,4.23160666666667,1.142652,-52.71875,-53.6250012715658,-66.0875030517578,2.66426280255211,3.12956650520764,2.75626856016081,-89.0,-65.3075942993164
0.058937741105389,181.252,-51.9399974419077,0.104667863554758,1.2141,3.44788,1.02773,-54.25,-55.2968769073486,-57.6562519073486,False,False,False,657521783,156.724832,0.0686200000000001,1.2094,3.44356,1.023835,49.53125,49.2968769073486,48.0781278610229,616900459,52,207.500040531158,0.1161028444767,1.344644352,,3.47966,,,-58.3906269073486,,571471295,35.7090555556715,70.0,60.5625,700.0,1.20876,3.44289,1.02325,-37.90625,-39.9062519073486,-44.0312519073486,616900060,1.2517,3.47966,1.12808,-58.6875038146973,-58.3906269073486,-68.7890644073486,4.31435633840887,4.33439205549118,4.12252882996244,-89.9687576293945,-67.1907272338867
0.189303020648233,53.22,3.97500001664275,0.42100720731495,1.05716,7.53915333333333,1.024096,-64.84375,-66.8854166666667,-65.0812515258789,False,False,False,611644649,188.342384,0.01756,1.05638,7.53828,1.023336,32.0,31.5000006357829,33.3062515258789,611634296,41,77.4998813867569,0.0721848830580711,1.899172096,,,,,,,611610514,7.66934932314891,130.0,162.916666666667,489.999969482422,1.05608,7.53795333333333,1.023044,-46.90625,-44.8437525431315,-49.6062507629395,611634284,1.0572,7.54068666666667,1.046784,-64.96875,-67.2916717529297,-72.0375015258789,1.71954232245756,1.65857648330308,1.73134395574947,-80.8437576293945,-71.7314758300781
0.0056970052070332,55.3917647058824,15.1675009357755,0.344285710135069,1.15594,2.21196,1.025205,-67.59375,-67.406255086263,-67.640625,False,False,False,613530773,271.45216,0.0230600000000001,1.1546,2.21056666666667,1.02379,45.5625038146973,42.5208358764648,43.5390663146973,613507663,31,253.593742847443,0.167524486780167,1.136851584,,2.21335333333333,,,-68.375005086263,,613468354,19.2863462808735,30.0,29.75,280.0,1.15418,2.21012666666667,1.023385,-37.5625,-37.4479179382324,-43.4062519073486,613507637,1.15654,2.21335333333333,1.02846,-67.84375,-68.375005086263,-69.6328182220459,1.87762630395013,1.88168117934095,1.98801256533408,-90.9375,-62.3945846557617
0.975858514620517,368.66,-88.7399945193046,0.0785947712418301,1.27802,4.22080666666667,1.025868,-53.1875,-56.0833358764648,-50.8812515258789,False,False,False,527947716,109.751536,0.05206,1.27558,4.21818666666667,1.023716,46.0625038146973,43.7708346048991,40.9937515258789,527944970,35,136.718824505806,0.179732665419579,1.108502784,,4.22167333333333,,,-56.7708371480306,,527942865,26.8857603438525,70.0,79.9583333333333,820.0,1.27506,4.21761333333333,1.023192,-39.9062538146973,-41.2500012715658,-44.5562538146973,527944974,1.39012,4.22167333333333,1.026132,-59.2500038146973,-56.7708371480306,-51.0250015258789,3.90618458032267,3.81411698303088,3.75634592212295,-82.5937576293945,-67.7251434326172
,,-4.60000050203635,0.0554425839552417,1.10482,9.09250666666667,1.025024,-48.09375,-49.5416692097982,-50.3125030517578,False,False,False,545238060,189.80176,0.0377400000000001,1.10298,9.09058666666667,1.023536,38.0625,30.2291692097982,39.6062507629395,545229908,39,104.218669235706,0.153085261583328,1.100635904,,9.10866,,,-49.9583346048991,,545227537,13.9640165420213,190.0,201.75,999.999938964844,1.1023,9.08974666666667,1.022936,-33.8125,-31.6770846048991,-44.8250022888184,545229912,1.14666,9.10336,1.197772,-49.53125,-49.9687525431315,-75.6562545776367,2.15428094330811,1.48665071211259,2.40068678531046,-87.15625,-75.1414489746094
0.0091752688043897,26.8844444444444,32.9899996209804,0.767679585416265,1.06708,6.44899333333333,1.023872,-65.4062576293945,-61.6770858764648,-64.3187515258789,False,False,False,571727301,183.758752,0.02064,1.06648,6.44831333333333,1.0233,20.78125,23.8645833333333,29.0437519073486,571717423,47,147.812575101852,0.145787298679352,1.598650496,,,,,,,571709783,9.94246594814033,130.0,135.708333333333,620.0,1.06622,6.44801333333333,1.023032,-39.0312538146973,-37.0104179382324,-45.6750038146973,571717431,1.06712,6.44906,1.24932,-65.53125,-61.7812525431315,-77.1937515258789,1.28530714785161,1.31785523319849,1.36533423425556,-91.65625,-75.8753662109375
0.0219961295107853,47.8305263157895,6.66749945185674,0.285204087572218,1.4758,2.97873,1.02500666666667,-53.28125,-53.9531288146973,-54.0000012715658,False,False,False,571524406,182.695952,0.03962,1.47332,2.9763,1.02336,37.7500038146973,38.5625038146973,36.4895858764648,571521279,44,164.0625,0.0744312927126884,1.537158016,,2.99824,,,-54.8750038146973,,571520182,23.486750075045,30.0,48.9375,530.0,1.4728,2.97582,1.02297333333333,-39.7500038146973,-40.9218788146973,-44.9479179382324,571521301,1.52382,2.99824,1.41601333333333,-56.3750038146973,-54.8750038146973,-67.3645884195964,3.57830722423101,3.94963699720825,3.53513470228331,-90.8125076293945,-67.1008453369141
0.002855160393225,29.81875,17.2374996221247,0.453476383771914,1.04996,4.56952,1.02453333333333,-66.875,-66.2812525431315,-66.5052108764648,False,False,False,528080818,231.28584,0.01762,1.04884,4.56785333333333,1.02330666666667,23.0,22.4166673024495,27.9479185740153,528017700,55,163.281321525574,0.0732870623469353,0.98067616,,4.57065333333333,,,-67.1770884195964,,528016025,17.3992912325472,110.0,88.75,430.0,1.0485,4.56740666666667,1.02295,-37.65625,-35.9166679382324,-46.1354192097982,528017684,1.05082,4.57065333333333,1.02785666666667,-67.0312576293945,-67.1770884195964,-69.3854204813639,1.51636293737145,1.537654328647,1.73006447215607,-84.5312576293945,-65.3578109741211
0.0309525066200804,92.26,-0.56000001727799,0.126314038589488,1.53586,3.0295,1.025472,-54.8125038146973,-57.9895858764648,-57.4437522888184,False,False,False,508426864,218.533328,0.0677400000000001,1.53358,3.02736666666667,1.02352,46.6875038146973,45.1770858764648,45.6687530517578,508423449,31,218.906283378601,0.0349193438887596,1.436786944,,,,,,,508421103,31.2212750880442,70.0,50.2083333333333,600.0,1.53306,3.02684,1.02308,-38.28125,-41.2291679382324,-46.4500022888184,508423453,1.53604,3.02978,1.682864,-54.8437538146973,-58.1666679382324,-71.6062545776367,3.40169551124924,3.51308778972775,4.00892735284131,-95.0937576293945,-71.4732208251953
0.0016099702017872,12.9123684210526,-9.40999968918055,0.73509272467903,1.03348,,1.02497,-67.125,,-67.0156269073486,False,False,False,660970840,363.359936,0.00644,1.03206,,1.02347,22.40625,,25.2109394073486,528643664,27,201.562687754631,0.143403068184853,1.200419328,,,,,,,528642047,12.6146414607861,90.0,,260.0,1.03164,,1.023065,-45.2500038146973,,-46.8906278610229,528643671,1.03394,,1.05116,-67.4687576293945,,-70.8750019073486,1.89188093800049,,1.98961590231995,-101.0,-69.2096099853516
0.123853658938632,103.175555555556,-61.4975015356123,0.329829545454545,1.14668,4.55812666666667,1.024948,-61.8437538146973,-59.5833358764648,-61.1625038146973,False,False,False,539671476,162.280928,0.03912,1.14492,4.55625333333333,1.023608,38.90625,42.0520846048991,35.2062515258789,539539487,29,194.68742609024,0.0298990774899721,1.282195072,,,,,,,539537652,24.9775494295457,90.0,88.375,479.999969482422,1.14428,4.55571333333333,1.023088,-43.21875,-40.0104179382324,-46.3750030517578,539539491,1.14678,4.55824,1.633768,-61.96875,-59.6562538146973,-65.9625045776367,2.60423333515974,2.68780623335402,2.19755894951319,-86.84375,-64.9074478149414
0.0722195342687388,106.78,-58.0199985278362,0.142808223430155,1.1638,7.9749,1.025644,-54.5625,-54.46875,-55.1250038146973,False,False,False,541556628,99.989488,0.056,1.1616,7.97262,1.023544,48.1875,49.4375,47.6437522888184,541553760,63,111.249923706055,0.0822302103042603,1.289231616,,8.02016,,,-55.59375,,541551399,23.8716873834309,150.0,173.75,1019.99993896484,1.16098,7.97192,1.022932,-44.34375,-43.53125,-49.6187522888184,541553733,1.22304,8.02016,1.642808,-55.4687538146973,-55.59375,-75.7062530517578,2.99533032447679,3.18162021479926,3.18221102354514,-85.40625,-75.1751098632812
0.0670564227873279,70.98,1.01000013474212,0.416614542611415,1.25714,3.55738,1.024836,-59.65625,-58.5208358764648,-65.3062545776367,False,False,False,571485749,291.559232,0.07714,1.2556,3.55576666666667,1.023448,33.9375038146973,34.0729179382324,26.4875011444092,571477601,41,274.99994635582,0.234857589006424,1.214148736,,,,,,,571473428,18.0131089653973,70.0,63.375,360.0,1.25502,3.55519333333333,1.022984,-38.78125,-38.3125,-42.0937515258789,571477605,1.25738,3.55750666666667,1.567172,-59.8125,-58.6666692097982,-67.7500030517578,1.71154574975147,1.78671969003876,1.51483751969427,-93.3750076293945,-67.5115661621094
,9.9800000000001,76.3674956605342,0.0238963531669866,1.16884,19.7910466666667,1.025616,-46.25,-51.2395846048991,-46.6625015258789,False,False,False,526807424,33.938696,0.0787,1.16618,19.7882466666667,1.023584,50.1250038146973,49.4479192097982,49.2875030517578,526727625,75,39.9999991059303,0.171518921852112,1.178278528,,19.8442933333333,,,-55.2083358764648,,526725807,20.1392672649552,270.0,469.208312988281,2750.0,1.16558,19.7876333333333,1.023016,-41.46875,-40.5833333333333,-50.3375007629395,526727611,1.33222,19.8442933333333,1.025688,-58.1250038146973,-55.2083358764648,-46.7375038146973,4.10976361954251,4.02496443816997,4.04166214699229,-77.6875,-72.1662445068359
0.0253328567555983,126.602857142857,-29.0524999890795,0.135691025769753,1.6941,3.24899333333333,1.02612,-55.3750038146973,-54.8645858764648,-57.2070336341858,False,False,False,596063206,204.511152,0.05972,1.69112,3.24573333333333,1.023615,51.6250038146973,50.0937525431315,46.2812514305115,596056228,33,250.625044107437,0.200691252946854,1.448389376,,,,,,,596052605,29.6413845111264,70.0,55.625,380.0,1.69052,3.24511333333333,1.023125,-39.25,-40.8750038146973,-42.3515639305115,596056268,1.69522,3.24986666666667,1.445545,-55.8125038146973,-55.3125012715658,-63.4687528610229,4.08430958661561,4.25711551573974,3.65883250937211,-90.5000076293945,-62.9625434875488
0.0328116515776893,68.8071428571429,-4.46999989106578,0.336363629371995,1.08574,4.0891,1.02442333333333,-59.09375,-57.3229166666667,-59.7187531789144,False,False,False,571712207,183.119712,0.02512,1.08468,4.08788666666667,1.02343,30.5625019073486,29.9062525431315,33.6822923024495,571703015,30,172.031253576279,0.255155324935913,1.256002688,1.09644,4.10314666666667,,-58.3437538146973,-58.8333358764648,,571700636,20.1220554738205,50.0,76.7083333333333,509.999969482422,1.08434,4.08754,1.02312,-41.9375,-41.1770871480306,-44.3593775431315,571703019,1.08598,4.10314666666667,1.71219,-59.3125038146973,-58.8333358764648,-64.4322942097982,2.34145082019093,2.40971136129984,2.41287134622688,-79.71875,-63.4963073730469
,,8.84999972611267,0.018973214761639,1.1087,10.6947466666667,1.025904,-50.4375038146973,-46.5312538146973,-53.7437530517578,False,False,False,528640876,71.280656,0.04986,1.10606,10.6919466666667,1.023656,43.0312538146973,33.9166679382324,44.4312522888184,528639286,37,72.9687139391899,0.112254194915295,1.23036992,,,,,,,528638602,21.1072927337833,170.0,241.749989827474,780.0,1.10542,10.6910266666667,1.023108,-34.53125,-29.6354185740153,-45.4687522888184,528639292,1.1091,10.7133533333333,1.209896,-50.5937538146973,-47.5208358764648,-61.5562522888184,3.207662807472,2.2221018487168,3.62725398692894,-70.40625,-61.3008346557617
0.139237298969321,222.86,-20.0349997009353,0.0999999999999999,1.23982,8.73078666666667,1.025985,-44.90625,-48.2916692097982,-48.9453153610229,False,False,False,545208480,86.557856,0.07016,1.2371,8.72796666666667,1.023695,39.25,44.8437538146973,37.5781269073486,545191591,47,126.874953508377,0.251544117927551,1.465367936,,8.7785,,,-52.8229192097982,,545188095,32.6078324297883,110.0,192.666666666667,1230.0,1.2365,8.72741333333333,1.023175,-36.78125,-37.8958346048991,-40.3906278610229,545191595,1.3165,8.7785,1.1591,-57.4062538146973,-52.8229192097982,-70.1328144073486,3.56522767080941,3.2270133718838,3.20827717187801,-82.8750076293945,-69.3127517700195
,6.25999999999993,-44.4199989291238,0.0103260868601419,1.11638,15.9492,1.02512,-53.3750038146973,-58.2187525431315,-55.3312530517578,False,False,False,549204596,62.743816,0.0585200000000001,1.11464,15.9472,1.023524,51.8750038146973,51.6041692097982,50.9687530517578,549126593,53,58.9062497019768,0.172754868865013,1.338471168,,,,,,,548473051,20.4744097196144,230.0,373.166666666667,1530.0,1.11416,15.94668,1.023064,-41.09375,-41.8229192097982,-47.9875022888184,549126597,1.11652,15.94934,1.025176,-53.4687538146973,-58.3750025431315,-55.3937530517578,4.06719932263665,3.70536303319599,3.63439645808709,-78.6875076293945,-72.1518707275391
0.0011014606258813,16.4779661016949,-11.5274994411108,0.926960784313726,1.04558,4.11357333333333,1.02463,-64.625,-60.2500025431315,-64.7395884195964,False,False,False,643589220,312.131648,0.0104600000000001,1.0444,4.1118,1.02338666666667,13.5,1.2291667064031,19.4218759536743,643587651,39,226.339355111122,0.0883400216698647,2.84266112,,,,,,,643584386,11.183999317831,70.0,77.25,210.0,1.04402,4.11126,1.02296,-37.46875,-33.625,-48.7916685740153,643587471,1.0458,4.11376,1.22427333333333,-64.96875,-60.3958371480306,-68.1666717529297,1.43238549251389,0.893310616286056,1.59719623074084,-94.21875,-68.3994064331055
0.413756829169074,72.09,12.172499119778,0.163888888888889,1.08692,5.27152,1.02513333333333,-54.2187538146973,-53.0312519073486,-52.2395871480306,False,False,False,549197818,140.034944,0.04874,1.08506,5.26944,1.02360666666667,37.46875,41.0156269073486,39.0937512715658,549118189,50,115.312464535236,0.140776365995407,1.083595264,,5.32676,,,-55.7656269073486,,548416317,18.8545823283498,130.0,106.25,1130.0,1.08454,5.26892,1.02308,-46.90625,-42.0937519073486,-49.8541692097982,549118169,1.08694,5.32676,1.48675333333333,-54.2812538146973,-55.7656269073486,-74.0416692097982,3.83069584527885,4.15988580608485,3.31124854888179,-86.2500076293945,-73.337646484375
0.185208305656222,141.844,3.12749977825211,0.204577977385117,1.06026,6.45049333333333,1.025996,-52.09375,-48.1145871480306,-56.8562515258789,False,False,False,541614913,235.241216,0.0196000000000001,1.0582,6.44816666666667,1.023564,30.0937519073486,31.5833346048991,29.2500011444092,539661123,34,214.374914765358,0.0325592271983624,1.53327616,,6.45694666666667,,,-50.5312512715658,,539640827,17.4183726521776,130.0,135.666666666667,509.999969482422,1.05768,6.44756666666667,1.023056,-42.0937538146973,-39.5416666666667,-42.6500007629395,539661127,1.06046,6.45694666666667,1.733928,-52.3437538146973,-50.5312512715658,-72.7187515258789,3.10425546594737,3.12842377804933,3.00651968183742,-94.9375,-71.9967346191406
,905.2,-40.8024967979426,0.0448581616637821,1.19762,20.8748666666667,1.02536666666667,-45.78125,-51.4687525431315,-51.4375025431315,False,False,False,541554830,37.230624,0.0682400000000001,1.19556,20.87292,1.02360666666667,51.2500038146973,49.6875025431315,49.4583371480306,541552408,86,41.8751128017902,0.151114419102669,1.15868096,,,,,,,541551240,17.2996316050496,340.0,496.333323160807,1929.99987792969,1.19506,20.8723933333333,1.02312666666667,-35.5312538146973,-39.3333346048991,-46.3020846048991,541552396,1.27492,20.8750266666667,1.11201333333333,-53.84375,-51.5729166666667,-70.7500025431315,3.34552655665467,3.22679219743064,3.40236112437282,-74.7812576293945,-69.5908813476562
,,15.5024985903918,7.8816193285203e-19,1.13198,11.3020533333333,1.027172,-50.2812538146973,-46.6354192097982,-53.5187522888184,False,False,False,528669795,106.80096,0.0801400000000001,1.12716,11.2965133333333,1.023748,40.8125038146973,39.2083346048991,39.33125,528658729,62,85.7814028859138,0.0920499861240387,1.581292416,,11.3150333333333,,,-50.2187525431315,,528657972,30.0614824338337,290.0,256.875,1800.0,1.12642,11.2955866666667,1.023096,-30.90625,-31.4791679382324,-43.1937522888184,528658733,1.16632,11.3150333333333,1.16866,-56.0312538146973,-50.2187525431315,-73.33125,4.04987488475548,4.00453246207026,3.6549784167601,-82.40625,-72.3151321411133
,66.98,53.6900003622609,0.0680514346836759,1.17228,12.60652,1.02548,-50.5312538146973,-52.3020858764648,-51.2750015258789,False,False,False,529960427,59.685732,0.0763,1.17002,12.6043333333333,1.023656,47.84375,46.9479192097982,47.3375022888184,529909305,71,70.7812085747719,0.104537598788738,1.989529088,,,,,,,529908238,19.9212520666184,210.0,289.583323160807,1810.0,1.16944,12.60372,1.02308,-38.28125,-40.3125038146973,-46.8000015258789,529909289,1.2695,12.6702933333333,1.145792,-55.6250038146973,-52.8229204813639,-73.4750061035156,3.18686057687986,3.20743671025745,3.14542842772243,-80.9062576293945,-72.6691818237305
0.0093554813280026,162.3,63.4199984195227,0.0896825304093046,1.14976,6.80296666666667,1.025115,-43.78125,-46.4687538146973,-45.5156278610229,False,False,False,541053750,82.92492,0.07674,1.14764,6.80093333333333,1.02353,45.4062538146973,54.3854192097982,51.3671894073486,526833769,53,125.446423888206,0.003797543933615,1.7430528,1.18354,6.85148666666667,,-44.96875,-49.8125025431315,,526816192,42.891844160851,250.0,144.5,2400.0,1.14716,6.8005,1.023075,-28.6875019073486,-32.2083358764648,-43.0312528610229,526833773,1.18354,6.85148666666667,1.839085,-44.96875,-49.8125025431315,-77.109375,4.08710010431368,4.19612419936876,3.9164489978315,-87.8125076293945,-77.688102722168
,,-8.98499937646013,0.0004595588235294,1.09404,26.6551666666667,1.024964,-50.7500038146973,-57.2812538146973,-51.4562522888184,False,False,False,531543350,45.382976,0.0542400000000001,1.09226,26.65332,1.023476,47.21875,47.2291679382324,46.3562538146973,531531275,96,26.8749613314867,0.107141248881817,1.175214336,,26.6839866666667,,,-58.6041679382324,,531526662,12.7413674581691,650.0,640.625,3300.0,1.09176,26.65282,1.023012,-41.625,-44.2395846048991,-50.9625030517578,531531282,1.14906,26.6839866666667,1.091504,-59.5312538146973,-58.6041679382324,-76.0500030517578,3.36903229786133,3.30138229410082,3.38960348445571,-77.4062576293945,-73.9131546020508
0.0825931738349842,97.3688888888889,-16.8525002980369,0.233886425887688,1.16388,2.63162,1.024772,-59.6875038146973,-58.8333358764648,-60.2187522888184,False,False,False,545634322,199.114304,0.0439400000000001,1.16226,2.62994666666667,1.023452,43.8125038146973,44.1354204813639,39.4000015258789,545608399,33,310.312539339066,0.0390879027545452,1.400063488,,,,,,,545604343,46.4074968793761,50.0,40.2083320617676,430.0,1.16178,2.62942666666667,1.023048,-35.2812538146973,-36.1250025431315,-38.2750007629395,545608403,1.16398,2.63169333333333,1.02486,-59.7812538146973,-58.9166692097982,-60.3000022888184,2.45505282456399,2.4512571284246,2.28151574205223,-91.875,-58.1628341674805
0.310745263004229,175.208,3.37499993230406,0.102966839023367,1.1799,7.33704,1.02523333333333,-49.78125,-53.4791704813639,-53.1250025431315,False,False,False,549204837,96.295632,0.0643,1.17786,7.3348,1.02355333333333,42.0,43.8020846048991,41.9895846048991,549126990,69,112.187460064888,0.173877537250519,1.63145472,,7.38544,,,-54.1562512715658,,548408551,30.0321945642982,120.0,157.875,1190.0,1.17736,7.33431333333333,1.02311333333333,-38.4062538146973,-40.1354179382324,-46.3854192097982,549126951,1.9164,7.38544,1.19036,-55.34375,-54.1562512715658,-71.937505086263,4.24056603697298,4.10327746190946,3.44710319132039,-84.0625,-71.268684387207
0.0741839770307473,202.575,15.7699981545578,0.0967780428914979,1.2675,9.88783333333333,1.025204,-53.53125,-54.7604179382324,-55.0812522888184,False,False,False,571650967,76.837176,0.10368,1.26582,9.8861,1.02368,47.21875,46.6875025431315,46.9687522888184,571632757,46,85.1563066244125,0.0507714189589024,1.613147392,,,,,,,571624532,24.6574835549825,160.0,221.625,1610.0,1.26528,9.8855,1.02312,-35.75,-39.1770833333333,-43.6312515258789,571632765,1.26758,9.8879,1.667344,-53.6250038146973,-54.8229192097982,-73.3500030517578,2.4515566814783,2.48816676560348,2.46987987456996,-92.15625,-73.4727554321289
0.0080872315934955,34.2614285714286,-26.1899998216242,0.381147540983606,1.15976,1.68168666666667,1.02487,-55.2500038146973,-54.3750012715658,-54.7812519073486,False,False,False,530259508,340.759328,0.0185600000000001,1.15808,1.67994666666667,1.02342,41.15625,40.3958346048991,41.8750019073486,530084517,39,353.70546579361,0.0458858087658882,1.686109696,1.17218,1.69977333333333,,-54.9687538146973,-54.5937512715658,,530081951,49.4171137068811,20.0,16.4583333333333,330.0,1.1576,1.67945333333333,1.02301,-37.4375038146973,-38.9270858764648,-42.8437538146973,530084500,1.16,1.68816666666667,1.83388,-55.5000038146973,-54.6354192097982,-61.1093788146973,2.68750502233111,2.97262980500907,2.85216677198925,-99.25,-59.8167572021484
0.144363400014444,276.94,-74.464989729961,0.0821764714158702,1.2229,8.68744,1.02593333333333,-47.9062538146973,-51.4791679382324,-51.5520871480306,False,False,False,562383293,67.69592,0.09866,1.21942,8.68452666666667,1.02370666666667,49.0625,49.2500025431315,47.8437538146973,562381922,62,87.6563638448715,0.165731444954872,1.177015808,,8.74818,,,-54.2083358764648,,562381326,27.7708249972283,170.0,191.583333333333,1370.0,1.21886,8.68396666666667,1.02317333333333,-37.1250038146973,-41.3125038146973,-47.1354192097982,562381904,1.28596,8.74818,1.15174,-55.34375,-54.2083358764648,-69.187505086263,4.05557776995308,3.87421768623763,3.4867186395386,-78.1562576293945,-68.3553161621094
0.0151484521881279,35.6115384615385,32.7024934909659,0.57433037251842,1.05714,9.88847333333334,1.02394666666667,-67.4687576293945,-61.6458371480306,-66.750005086263,False,False,False,529919387,122.644168,0.0234000000000001,1.0565,9.88756,1.02330333333333,26.0312519073486,14.8958339691162,30.5677092870076,529812650,37,94.6875363588333,0.0380150601267815,1.143135616,,,,,,,529807751,13.2589154509282,150.0,221.874994913737,680.0,1.05622,9.88718,1.02302333333333,-40.4375,-33.5937512715658,-49.5937525431315,529812654,1.05716,9.88853333333333,1.73082,-67.5,-61.7083358764648,-70.1979192097982,1.38866009007699,1.26637041387296,1.52743254671206,-79.8750076293945,-69.4666900634766
0.0335018206423709,107.981875,-34.9768790319782,0.146875001617839,1.23929,7.38604333333333,1.025776,-55.9375038146973,-57.8750025431315,-58.3812530517578,False,False,False,488393273,92.188104,0.0606600000000002,1.23735,7.38396833333333,1.023811,43.5000038146973,46.1041704813639,44.4937515258789,488393014,62,90.6250029802322,0.0960064306855202,1.28679552,,,,,,,488392806,21.0543033300023,170.0,159.083333333333,889.999938964844,1.23671,7.38333,1.023203,-41.40625,-43.1041692097982,-46.5500022888184,488392994,1.239425,7.38617333333333,1.278496,-56.0312538146973,-57.9895871480306,-70.4187530517578,2.57077864469076,2.64582346691226,2.58116359773296,-80.1875076293945,-69.0112686157227
0.344568349962433,188.473333333333,-21.6674993919197,0.108549019607843,1.19178,6.79296,1.025372,-52.25,-52.2916692097982,-53.6562522888184,False,False,False,529956800,109.921224,0.0849200000000001,1.18936,6.79024666666667,1.023512,40.7812538146973,41.7812525431315,40.7500015258789,529902478,47,148.4375,0.157971173524857,1.380749312,,6.83082,,,-53.9166692097982,,529898751,43.2995595782159,90.0,144.25,1290.0,1.18884,6.78968666666667,1.023036,-36.5625038146973,-36.4687512715658,-45.1875030517578,529902482,1.2907,6.83082,1.512896,-52.8125,-53.9166692097982,-71.2875015258789,3.51119951303157,3.22967375139288,3.0865435478963,-87.5000076293945,-70.764274597168
0.0618570920330736,67.6415384615385,-8.91250007822864,0.243496984435841,1.16272,3.51444,1.024968,-51.8125038146973,-52.4791692097982,-52.8125022888184,False,False,False,508403661,225.506896,0.0478400000000001,1.16088,3.51237333333333,1.023484,41.3437538146973,42.1770846048991,40.4312515258789,508401683,40,306.718707084656,0.0527396611869335,1.595197184,,3.53931333333333,,,-51.8333358764648,,508400049,40.0450505175486,50.0,62.2916679382324,650.0,1.1604,3.51184666666667,1.023068,-35.0,-36.7083333333333,-42.6250030517578,508401656,1.16284,3.51458666666667,1.541824,-51.9062538146973,-52.6041679382324,-73.2000015258789,3.17317360390422,3.28987592779953,3.21436163254409,-99.28125,-71.5275726318359
0.0170743140059025,41.0086956521739,-44.757499789716,0.384512192900191,1.12996,2.10790666666667,1.02446,-53.9687538146973,-55.9062538146973,-54.4218788146973,False,False,False,545217126,323.25568,0.02468,1.12892,2.10672,1.02344,40.0000038146973,35.1562512715658,39.6093769073486,545197072,35,303.124994039536,0.279913604259491,1.152401664,1.15482,2.13300666666667,,-53.75,-55.7604192097982,,545193484,23.6695499428803,30.0,27.1666666666667,380.0,1.12852,2.1063,1.02306,-39.2812538146973,-38.75,-43.3750038146973,545197080,1.12998,2.1171,1.43681,-54.0937538146973,-56.0312512715658,-66.828125,2.04477061584732,1.95457351795153,2.22349253746891,-94.6875076293945,-66.3752593994141
,,-30.2149971709298,0.0587749796348181,1.14962,12.3622066666667,1.02573,-50.3750038146973,-52.5208371480306,-51.2968778610229,False,False,False,571522160,44.762968,0.0753600000000001,1.1471,12.35958,1.02365,50.1875038146973,50.4270858764648,49.5195326805115,571518511,54,54.687462747097,0.149773597717285,1.839716224,,12.3957866666667,,,-53.6770858764648,,571517193,21.5701866326961,260.0,283.5,1959.99987792969,1.14656,12.3589933333333,1.023125,-37.40625,-37.3020858764648,-45.4062514305115,571518515,1.20634,12.3957866666667,1.1482175,-52.2812538146973,-53.6770858764648,-67.1250047683716,3.51739557764688,3.55282292014854,3.43711449604909,-78.625,-66.4693603515625
0.0332258586390897,136.225833333333,-2.48187516545262,0.109603187129682,1.246955,6.61427,1.02581833333333,-53.7187538146973,-52.6666704813639,-55.3385442097982,False,False,False,488412388,115.23324,0.0899650000000001,1.24437,6.61161166666667,1.02366083333333,43.9375,46.3020871480306,44.3437506357829,488405966,41,137.812539935112,0.070661261677742,1.548087296,,,,,,,488402499,31.2725297813937,130.0,139.791666666667,1080.0,1.24365,6.610875,1.02303333333333,-41.1250038146973,-40.2291704813639,-49.1354198455811,488405970,1.247315,6.61499,1.30363,-53.90625,-52.9375038146973,-74.8906288146973,2.87223147628292,2.96827195891302,2.94907834295848,-90.2812576293945,-74.5660171508789
0.0640504335893272,131.65,8.28999976304479,0.165069943129475,1.28072,3.28812,1.02666666666667,-54.5312538146973,-56.2968788146973,-57.3020871480306,False,False,False,567733422,191.37712,0.06124,1.27732,3.28438,1.02363333333333,44.5,37.4218769073486,44.6770858764648,567732368,54,220.312461256981,0.195773735642433,2.466070528,,3.32943,,,-57.9375038146973,,567731428,37.3912024772903,50.0,56.5625,610.0,1.27672,3.28372,1.02312666666667,-41.5312538146973,-43.390625,-46.5312512715658,567732372,1.3319,3.32943,1.406,-60.1875038146973,-57.9375038146973,-69.8125,4.72256608142305,4.21472176882116,4.46890944272478,-95.7500076293945,-69.1550598144531
0.002891630978872,26.9422222222222,-6.78999955219806,0.579241093629778,1.06138,5.28438666666667,1.02406,-65.53125,-66.531255086263,-66.7968788146973,False,False,False,549198440,202.146592,0.0188600000000001,1.06064,5.28362,1.02336,28.5000019073486,26.0416679382324,30.6796894073486,549121695,45,118.124961853027,0.110931657254696,1.2689632,,,,,,,548444436,9.19590878983415,130.0,106.583333333333,489.999969482422,1.06034,5.28332,1.023085,-39.5312538146973,-37.0729204813639,-46.6171894073486,549121675,1.06144,5.28444666666667,1.04834,-65.6250076293945,-66.6770858764648,-74.1875038146973,1.42107985966442,1.36526567713379,1.50600122000734,-86.09375,-72.5817260742188
0.0984758375411957,129.705714285714,34.611872395951,0.0926339184067083,1.126095,8.9772375,1.02545,-53.28125,-52.3281269073486,-53.7187538146973,False,False,False,558562886,84.54924,0.051555,1.123805,8.9749,1.023585,36.5000038146973,39.9375019073486,40.7812538146973,558171439,47,82.0311680436134,0.19485704600811,1.389510528,,9.04566,,,-54.2656288146973,,558159992,20.5219321064744,250.0,199.0625,1700.0,1.123215,8.9742625,1.023045,-40.53125,-39.6875,-46.8437538146973,558171443,1.1264,9.04566,1.148215,-53.5625038146973,-54.2656288146973,-76.5000076293945,3.08324792105063,3.06790280450416,3.17999794375551,-84.59375,-75.3143997192383
,36.3199999999999,-46.6549993083376,0.0305379759365691,1.1626,6.43935333333333,1.02529333333333,-50.7500038146973,-53.5625012715658,-52.7395846048991,False,False,False,561468899,63.408564,0.0830600000000001,1.16054,6.43710666666667,1.02352,41.5625,36.6041666666667,40.9479204813639,561468154,57,75.1562491059303,0.285003334283829,1.945883648,,,,,,,561467633,34.6791948163376,150.0,135.458333333333,1570.0,1.16002,6.43653333333333,1.02306,-45.3125,-48.3229204813639,-53.1770858764648,561468158,1.32368,6.47914,1.17414666666667,-60.3125038146973,-57.9895858764648,-71.0208384195964,4.14999807269852,3.66700404126419,3.92983356150867,-78.3125,-69.6266098022461
0.0977726037870488,138.436666666667,-54.4774989008623,0.115504588356464,1.1087,6.81956666666667,1.024865,-48.5,-51.4375038146973,-49.5781278610229,False,False,False,576187307,105.230944,0.0488200000000001,1.10716,6.81817333333333,1.023605,44.28125,45.0000012715658,44.6406269073486,576141936,47,97.9687124490738,0.272341698408127,1.587974656,1.13652,6.86102,,-50.0312538146973,-53.5833371480306,,576132827,15.5901939801192,150.0,144.958333333333,1180.0,1.10668,6.8177,1.02313,-35.71875,-38.4791704813639,-45.203125,576141940,1.13652,6.86102,1.1139,-50.0312538146973,-53.5833371480306,-71.6562557220459,2.51708615388422,2.52825372519525,2.39719587694932,-80.4375,-70.0301208496094
0.0691954045497917,69.5276923076923,-15.01249992375,0.242187493713573,1.12714,2.26794666666667,1.02612666666667,-51.0000038146973,-51.1354179382324,-51.6666704813639,False,False,False,528617391,230.498608,0.03176,1.1246,2.26496,1.02358,42.3125038146973,43.5416692097982,42.46875,528614273,31,310.000002384186,0.0864967182278633,1.2178112,,2.32178,,,-52.7395858764648,,528612139,25.8051165122106,30.0,31.2499993642171,400.0,1.124,2.26431333333333,1.02300666666667,-41.0,-40.0416666666667,-43.5937512715658,528614260,1.12772,2.32178,1.18422,-51.375,-52.7395858764648,-62.3125063578288,3.18358299448772,3.18662432841282,3.24660041120154,-96.1562576293945,-66.5774459838867
0.0119530435194428,58.885,77.0274954930983,0.393638671567024,1.04674,1.83219333333333,1.02486666666667,-61.9062538146973,-59.1354192097982,-61.0468781789144,False,False,False,596061081,477.932544,0.00872,1.0452,1.83062,1.02345,46.3750038146973,48.1458358764648,48.4531269073486,596054473,35,390.156239271164,0.397113531827927,1.42925056,1.05668,1.84516666666667,,-63.5625038146973,-63.1979192097982,,595999306,16.5357428036631,30.0,20.25,160.0,1.04476,1.8302,1.02307666666667,-49.4687538146973,-45.1562538146973,-47.3020865122477,596054466,1.05668,1.84516666666667,1.04380666666667,-63.5625038146973,-63.1979192097982,-67.5520858764648,3.07292063205141,3.44869648234018,3.10945084907212,-99.875,-64.2951965332031
0.113835483132878,82.0981818181818,6.72750006744383,0.172297297297297,1.08602,8.06266,1.024435,-46.0625038146973,-47.0000025431315,-47.5546894073486,False,False,False,660972569,119.297824,0.0385600000000001,1.08462,8.06082,1.0232,42.3125038146973,41.6666679382324,40.0625019073486,569872314,36,103.30518335104,0.12236212939024,1.25860544,,8.10317333333333,,,-50.1354192097982,,569867780,14.5053448226211,110.0,176.041666666667,999.999938964844,1.08412,8.06025333333333,1.022775,-37.5,-35.9895833333333,-45.0937528610229,569872319,1.08616,8.10317333333333,1.545405,-46.1562538146973,-50.1354192097982,-70.6796875,2.8402629999949,2.7698050851399,2.74895286266166,-82.2812576293945,-69.5837554931641
0.0376230556971728,54.9788235294118,3.12999994846186,0.283842105263158,1.12252,3.00414666666667,1.02625,-51.53125,-52.03125,-50.6093769073486,False,False,False,657521416,228.925008,0.0363000000000002,1.12038,3.00179333333333,1.02451,39.0625,39.9583358764648,37.1484375,587815070,41,260.156333446503,0.116875573992729,1.688178176,,3.03544,,,-52.9687525431315,,587719226,27.8127017916292,50.0,49.5,550.0,1.11986,3.00122666666667,1.024035,-34.9062538146973,-35.1354179382324,-40.4531259536743,587815059,1.12288,3.03544,1.39243,-51.84375,-52.9687525431315,-69.0078144073486,2.86255455827192,2.90542284528863,2.69258962062704,-89.3437576293945,-68.6522598266602
0.0494367864239872,118.554285714286,35.50749624881,0.183620689655172,1.14594,5.15597333333333,1.025235,-51.3437538146973,-50.5000038146973,-53.2109403610229,False,False,False,528612492,149.566016,0.05054,1.1436,5.15383333333333,1.02343,38.53125,42.1666692097982,40.8437519073486,528610065,40,159.687414765358,0.180079370737076,1.069761792,,,,,,,528605746,26.0709783123138,90.0,103.333333333333,700.0,1.14298,5.15322666666667,1.022955,-33.6250038146973,-35.2395846048991,-43.1015653610229,528610015,1.14674,5.16614666666667,1.133445,-51.6562538146973,-50.8854192097982,-64.7265644073486,2.21944800456714,2.39002739188216,2.44985730535978,-82.7812576293945,-64.8630599975586
0.0083944882776009,74.4983333333333,,0.163688532697839,1.55526,4.49593333333333,1.024772,-49.9375,-53.0416692097982,-54.1312515258789,False,False,False,488702468,148.550656,0.0477800000000002,1.55318,4.4938,1.023368,45.4375038146973,52.1041692097982,49.3750015258789,488701857,88,190.312579274178,0.102300219237804,1.923863808,1.582,4.52761333333333,,-52.40625,-53.9375025431315,,488701127,21.4956575819471,100.0,86.8333333333333,560.0,1.55266,4.49331333333333,1.023,-38.53125,-38.3958346048991,-42.4875007629395,488701498,1.582,4.52761333333333,1.328348,-52.40625,-53.9375025431315,-70.1000015258789,3.32633390212696,3.88528459777874,3.54770923414292,-90.625,-69.8472366333008
0.0385616734297421,43.4780952380952,36.1324963005227,0.357938672617572,1.19206,2.525,1.024735,-49.4062538146973,-48.40625,-50.4570345878601,False,False,False,567747361,199.320128,0.04284,1.1906,2.52354,1.02347,47.125,49.6562538146973,48.1210951805115,567743503,58,226.227700710297,0.055565282702446,3.484307712,,,,,,,567742660,38.3257175102228,40.0,37.625,540.0,1.19016,2.5231,1.0230875,-42.4062538146973,-42.0625038146973,-42.6406269073486,567743495,1.19208,2.5251,1.80591,-49.4687538146973,-48.4375038146973,-68.3671932220459,3.18668134165553,3.38479603520796,2.97082338853081,-95.15625,-67.3805389404297
,6.97999999999999,16.7549984303461,0.0054216874373139,1.11222,13.2641666666667,1.025256,-51.0,-57.1041692097982,-51.8625030517578,False,False,False,537251256,91.224,0.0515600000000001,1.11028,13.2621733333333,1.023576,49.0,49.3645858764648,50.1312530517578,537228830,66,47.0311343669891,0.140193209052086,1.161175296,,,,,,,537218493,14.612858902474,310.0,306.041666666667,1730.0,1.10976,13.26164,1.023064,-40.9375038146973,-42.9062512715658,-51.9625015258789,537228839,1.21814,13.2643333333333,1.123352,-57.4062538146973,-57.2812512715658,-75.8875045776367,3.47358355956801,3.2898284214294,3.52332295541451,-80.8437576293945,-74.0598373413086
,11.8,12.1274995254494,0.0192878338278932,1.20176,15.6926266666667,1.02573333333333,-45.1250038146973,-49.9687512715658,-51.0833358764648,False,False,False,508409666,45.906668,0.10024,1.19904,15.68956,1.02364666666667,44.3125038146973,44.3541679382324,45.1562538146973,508407991,82,59.0624995529652,0.134545832872391,1.704902656,,15.7525333333333,,,-51.1250038146973,,508405972,30.2000270464442,280.0,366.708323160807,2650.0,1.19848,15.68894,1.02311333333333,-34.0937538146973,-36.6145858764648,-44.9062525431315,508407976,1.36456,15.7525333333333,1.02585333333333,-53.2187538146973,-51.1250038146973,-51.1770858764648,3.74801070528099,3.80689205650606,3.47396356623129,-77.3437576293945,-70.5074157714844
0.15045917997471,109.868,29.2850015071178,0.186285271730948,1.10602,8.66963333333333,1.02571,-60.8750038146973,-64.9479192097982,-63.8906259536743,False,False,False,657521429,104.87456,0.0401400000000003,1.105,8.66824666666667,1.024515,28.9062519073486,23.5000006357829,25.8437504768372,587815853,55,63.9508664608002,0.0711463391780853,2.322962944,,8.67126,,,-66.2708384195964,,587710671,9.4488988552975,210.0,191.125,910.0,1.10468,8.66790666666667,1.024225,-35.2187538146973,-33.4479179382324,-46.3437519073486,587815858,1.107,8.67126,1.052815,-61.4375038146973,-66.2708384195964,-74.2265625,1.72245195710781,1.54372130743487,1.83340141289846,-80.65625,-73.1796417236328
0.0372368974369534,134.288571428571,-0.727499928788317,0.122663934426229,1.14686,4.89344,1.02643,-51.59375,-51.5833358764648,-53.5234403610229,False,False,False,571429217,125.17196,0.0584,1.14382,4.89022666666667,1.02363,42.6250038146973,40.8854204813639,41.0468759536743,571428126,36,177.812427282333,0.134456291794777,3.281169152,,4.94408666666667,,,-54.9062525431315,,571427581,32.4031976569499,90.0,96.75,900.0,1.14326,4.88960666666667,1.023095,-38.0937538146973,-38.6458346048991,-43.0000028610229,571428130,1.18618,4.94408666666667,1.1616,-56.5000038146973,-54.9062525431315,-69.8593769073486,3.65215384701354,3.46929059250895,3.52662793347006,-88.15625,-69.1985931396484
0.0149255111563917,45.6019047619048,-71.292499681519,0.311925283662708,1.11066,1.92866666666667,1.02504,-51.6250038146973,-51.3229179382324,-53.7125030517578,False,False,False,569127044,289.055712,0.02068,1.1086,1.92663333333333,1.023244,38.78125,45.0729192097982,43.8312515258789,569110624,37,305.625081062317,0.230229258537292,1.882162432,,1.96426666666667,,,-52.1250012715658,,569107566,26.8848161173338,30.0,22.625,310.0,1.10804,1.9261,1.022788,-39.46875,-38.0729179382324,-43.5125015258789,569110635,1.11098,1.96426666666667,1.244948,-51.8750038146973,-52.1250012715658,-65.0125045776367,2.59363248355865,2.96398014475908,3.08298389440859,-93.3437576293945,-63.7774085998535
,,-9.83499913453922,0.0189393912246187,1.13734,11.6496666666667,1.02498,-54.3437538146973,-56.3645858764648,-53.78125,False,False,False,529934700,58.258136,0.0633400000000002,1.13504,11.64736,1.02335333333333,46.03125,47.3437525431315,45.6770858764648,529834896,49,61.8750378489494,0.185735791921616,1.061430208,,,,,,,529833429,17.6622304520772,230.0,265.666661580404,1999.99987792969,1.13462,11.6469066666667,1.02297333333333,-39.5,-40.3437512715658,-46.9687525431315,529834900,1.1649,11.6724,1.1281,-58.1875038146973,-57.0104179382324,-69.625005086263,3.95056652303187,3.74777690101818,3.73597908548348,-76.75,-69.0607452392578
0.090789433233702,114.351428571429,-0.577500016123861,0.176666666666667,1.14206,3.68249333333333,1.02528,-51.7187538146973,-52.3020858764648,-54.5000038146973,False,False,False,569112314,240.300512,0.0457000000000001,1.13986,3.68022666666667,1.02356,39.0,32.1562506357829,31.5312519073486,569103673,32,225.781247019768,0.254141598939896,1.9050752,1.17394,3.71534,,-55.28125,-56.4687525431315,,569100745,26.2318712771958,50.0,66.4583320617676,640.0,1.13936,3.67967333333333,1.0231,-39.0,-39.3437525431315,-42.2500038146973,569103727,1.17394,3.71534,1.20906,-55.28125,-56.4687525431315,-72.0625,3.22595794702528,3.20443914143163,2.87020738562713,-93.40625,-71.6982955932617
0.0108907296856803,39.9633333333333,-2.24250002248128,0.396236559139785,1.16508,2.97176666666667,1.024508,-63.3125,-65.187505086263,-64.6937515258789,False,False,False,520634596,255.5232,0.02312,1.16354,2.97008,1.023204,22.5,21.4895839691162,30.3937515258789,520633053,26,202.187463641167,0.302284955978394,1.261174912,,,,,,,520631985,17.5826887768669,70.0,48.75,499.999969482422,1.16304,2.96958666666667,1.02286,-26.28125,-29.7604173024495,-38.5937515258789,520633059,1.16522,2.97212666666667,1.04048,-63.4375076293945,-65.4270833333333,-65.5937545776367,1.36781080479101,1.54185881869214,2.09434891242795,-86.9062576293945,-64.4235153198242
0.0463377077360827,78.4963636363636,-17.7824994312958,0.241342751727891,1.10622,3.11462,1.025092,-55.28125,-56.1770858764648,-55.0500022888184,False,False,False,528038407,185.931792,0.03366,1.10448,3.11276,1.023468,44.125,44.0416679382324,44.5500022888184,527959670,37,221.406131982803,0.239700943231583,1.44482496,1.10666,3.13612666666667,,-55.7812538146973,-56.8958358764648,,527952884,23.2377020045018,50.0,52.0833333333333,530.0,1.10404,3.11230666666667,1.02308,-40.4375,-39.2708358764648,-44.5812522888184,527959674,1.10666,3.13612666666667,1.52598,-55.7812538146973,-56.8958358764648,-67.5187515258789,3.26427857773841,3.3022059932447,3.22646171090604,-89.7812576293945,-66.6035385131836
0.291637145964352,178.66,-10.3699999975948,0.0949427480916031,1.16578,6.12704,1.02648,-45.6562538146973,-47.7812525431315,-46.90625,False,False,False,567766655,79.658696,0.0633400000000002,1.16272,6.12399333333333,1.02382,37.6250038146973,39.3854179382324,34.15625,567764336,66,173.437878489494,0.153278559446335,1.960687616,,6.20217333333333,,,-50.5520833333333,,567763632,31.6537113580133,90.0,127.624997456868,900.0,1.16204,6.12332,1.02322,-37.8125,-39.21875,-41.40625,567764316,1.27136,6.20217333333333,1.02678,-52.9062538146973,-50.5520833333333,-47.125,3.42528985297818,3.51594303346371,3.35140885836853,-82.5937576293945,-65.6667098999023
0.50763329940145,39.8000000000001,11.1649994805063,0.280807078910394,1.10522,8.69026,1.023944,-65.03125,-64.8333384195964,-63.5875022888184,False,False,False,528688334,159.02096,0.02518,1.10448,8.68938666666667,1.023236,32.0937538146973,29.8541685740153,35.6312507629395,528687887,41,63.2810592651367,0.126431122422218,1.09199616,,,,,,,528687520,7.91952598022105,120.0,191.875,750.0,1.10418,8.68907333333333,1.022964,-43.9375,-36.3020846048991,-48.1500030517578,528687868,1.10528,8.69036666666667,1.34696,-65.2187576293945,-64.9895884195964,-74.3125030517578,1.60858716264699,1.51914388600868,1.71044848971967,-82.4375,-73.1168594360352
0.0078832401591225,22.0918181818182,61.4550008104509,0.59301074555753,1.051,2.44022666666667,1.025204,-56.4062538146973,-54.5937538146973,-55.7625038146973,False,False,False,571523602,284.632128,0.01132,1.04922,2.43842,1.023512,37.9375038146973,42.1250012715658,41.7812515258789,571520985,25,283.125042915344,0.384378105401993,1.099566208,,,,,,,571520445,12.3332801241225,30.0,35.4166666666667,249.999984741211,1.04872,2.43792666666667,1.023064,-43.6875038146973,-41.6458358764648,-43.0812522888184,571520989,1.05128,2.44062,1.154032,-56.5312538146973,-54.7812525431315,-65.2062530517578,3.06431534994831,2.82158220315003,2.9065586491555,-95.5312576293945,-64.3218078613281
0.0088816922992742,132.74,9.03749991509883,0.0990625,1.9015,7.84896,1.025375,-49.78125,-53.6979192097982,-55.1640625,False,False,False,571427249,95.527768,0.0891600000000001,1.89952,7.84694666666667,1.02359,48.3750038146973,48.1250025431315,46.0468769073486,571426543,58,101.562559604645,0.0722512379288673,2.075075456,,,,,,,571426284,24.3486182140599,180.0,170.666666666667,1240.0,1.89896,7.84639333333333,1.023115,-37.40625,-40.3541692097982,-44.5156278610229,571426551,1.94856,7.84923333333333,1.32301,-50.8437538146973,-53.9062512715658,-74.1796894073486,3.13212797299707,3.30269541592134,3.28652884096355,-94.84375,-73.4079742431641
,,33.7349974344203,0.0080321276546557,1.2362,19.9056,1.02586,-51.0,-52.5416692097982,-52.1562528610229,False,False,False,530241416,32.988012,0.1263,1.23356,19.9026,1.023855,46.8750038146973,43.8437512715658,47.1328134536743,530057818,97,70.000022649765,0.107937686145306,1.33338752,,19.93472,,,-54.6875025431315,,530055374,35.0195767843793,230.0,472.083343505859,3070.0,1.2329,19.90184,1.023135,-38.9687538146973,-34.5000025431315,-48.1640634536743,530057822,1.3342,19.93472,1.268865,-57.7812538146973,-54.6875025431315,-74.7890682220459,3.52250043400882,3.07974755411306,3.44238780751771,-82.6875076293945,-74.5511016845703
0.0065863905299228,41.9743478260869,-9.5456247073411,0.406150186884132,1.14269,3.63883666666667,1.024547,-63.1875038146973,-63.6354217529297,-62.5500015258789,False,False,False,558563516,223.0792,0.021665,1.14151,3.63730833333333,1.023501,21.375,19.8645833333333,21.3875007629395,558189584,37,159.531369805336,0.401371031999588,1.401116672,1.1454,3.64268666666667,,-65.9062576293945,-66.7812525431315,,558181151,12.3724680669889,40.0,65.4166666666667,400.0,1.14116,3.636935,1.023187,-38.5000038146973,-44.8229179382324,-45.3375022888184,558189565,1.1454,3.64268666666667,1.036041,-65.9062576293945,-66.7812525431315,-69.0875045776367,1.37336671557183,1.43110945306615,1.47565349395739,-80.9062576293945,-65.197380065918
,6.09999999999999,32.6525022298352,-2.00109226796562e-18,1.10314,15.21876,1.025368,-53.3437538146973,-55.7812528610229,-52.5437515258789,False,False,False,616858537,70.278272,0.0510600000000001,1.10114,15.2162,1.023604,46.5625038146973,42.3437509536743,46.9687515258789,616848549,51,84.2187479138374,0.177762866020203,0.06971204,,15.24045,,,-57.2968778610229,,616837506,24.7627671201269,190.0,354.875,1650.0,1.10058,15.21558,1.023068,-46.0625038146973,-39.6640644073486,-51.8937507629395,616848553,1.10322,15.24045,1.025444,-53.3750038146973,-57.2968778610229,-52.6312522888184,4.23789218018026,3.76813626947945,4.08419036354949,-81.28125,-71.9706344604492
0.022606593602724,102.048888888889,26.482500220526,0.169143575692623,1.15908,3.7906,1.026104,-53.5000038146973,-51.5208358764648,-52.4625038146973,False,False,False,539877738,130.422656,0.0518400000000001,1.15702,3.78833333333333,1.023848,50.1250038146973,49.1875025431315,44.9875015258789,539543433,51,169.843852519989,0.168209820985794,2.326761984,1.2167,3.84167333333333,,-57.2812538146973,-55.6145871480306,,539542218,28.4548782118927,50.0,69.2083333333333,520.0,1.15638,3.78767333333333,1.023196,-44.1562538146973,-44.1041692097982,-48.3500030517578,539543401,1.2167,3.84167333333333,1.143192,-57.2812538146973,-55.6145871480306,-67.8062545776367,3.12208711588021,3.40786372660595,3.14082549878167,-86.53125,-67.0429077148438
0.0483853842972953,106.01,19.8624970637606,0.134110535405872,1.09282,10.69054,1.025428,-59.0,-58.9270858764648,-59.8375038146973,False,False,False,541572954,105.5828,0.0381200000000002,1.09086,10.6884933333333,1.023388,47.2812538146973,49.3333358764648,47.9937507629395,541571464,56,65.9376159310341,0.0306982230395079,1.22785856,,,,,,,541571148,10.6738579681119,270.0,241.70832824707,1070.0,1.0904,10.6880066666667,1.022956,-42.2187538146973,-45.5520846048991,-48.4250022888184,541571468,1.09296,10.6908866666667,1.420592,-59.1562538146973,-59.1458358764648,-78.2062530517578,4.02061138959784,4.11759741249697,4.16410074112916,-85.5,-77.6334609985352
,37.04,-25.2737501066358,0.405157930552538,1.06458,9.70967666666667,1.02508,-61.0,-61.4375012715658,-65.6562545776367,False,False,False,488401482,161.721728,0.0209000000000001,1.06321,9.70815333333333,1.02335,7.65625,12.8229169845581,13.24375,488400602,42,130.729034543037,0.0633683577179909,1.388958208,,,,,,,488400343,8.21447564398623,170.0,217.208333333333,580.0,1.062835,9.70770166666667,1.023027,-31.1875,-30.5937519073486,-41.2812515258789,488400606,1.064915,9.71003,1.430818,-61.4375038146973,-61.7916692097982,-73.8187530517578,1.43493140402184,1.30323170845836,1.73291273882105,-89.59375,-73.4077835083008
0.20900459472724,199.926666666667,,0.0981162895676756,1.16996,9.39711333333333,1.02626,-48.03125,-49.1666692097982,-53.9375038146973,False,False,False,526723976,71.241976,0.0760400000000001,1.1676,9.39481333333333,1.02372,38.0,39.1979204813639,33.8750038146973,526717956,44,87.4999985098839,0.0314362421631813,1.835750144,,9.45382,,,-52.7708371480306,,526714733,21.4913328226548,230.0,209.375,1600.0,1.16698,9.39418,1.02316,-39.5312538146973,-39.9479179382324,-39.0312538146973,526717960,1.22062,9.45382,1.93368,-51.9062538146973,-52.7708371480306,-75.3125,2.65159321729753,2.54891137822287,2.35067953355634,-84.9375076293945,-75.138542175293
0.064333642621926,119.642857142857,-2.01749988243405,0.102815454712378,1.13734,5.31508666666667,1.02600333333333,-53.9687538146973,-54.0937512715658,-54.6406269073486,False,False,False,657521732,155.889872,0.05722,1.13482,5.31246,1.02362666666667,49.8750038146973,50.0833346048991,50.2500019073486,616900988,56,138.437494635582,0.0417872257530689,1.199833984,1.17584,5.36038,,-54.9375038146973,-57.0937525431315,,571508482,23.0408589375549,130.0,107.291666666667,1210.0,1.1343,5.31194,1.02313,-40.1875,-40.4895846048991,-47.4375012715658,616900970,1.17584,5.36038,1.59559666666667,-54.9375038146973,-57.0937525431315,-76.7135454813639,3.95285434656072,4.16756976676142,4.12494514787742,-91.0937576293945,-76.3027648925781
0.0246701597035086,55.7682352941177,-45.1274989599071,0.296782178217822,1.10512,3.86437333333333,1.024176,-57.6250038146973,-54.8125025431315,-57.2187530517578,False,False,False,530257835,262.017008,0.0332600000000001,1.1034,3.86263333333333,1.02264,40.34375,37.1041679382324,42.9687507629395,530096934,35,301.87514424324,0.056551318615675,1.081291776,,,,,,,530094213,35.8744218555889,50.0,71.0416666666667,450.0,1.10292,3.86207333333333,1.02226,-36.0937538146973,-33.7291692097982,-44.2187515258789,530096916,1.10526,3.86462,1.601904,-57.65625,-54.9687512715658,-65.2375,2.77354911001079,2.3397073095084,3.15320560126189,-98.9375076293945,-66.6907501220703
0.159969420607311,247.0,-536.389987981778,0.0790178645508622,1.14266,15.8378666666667,1.02598666666667,-51.0,-54.9375038146973,-53.5312512715658,False,False,False,537313183,54.985648,0.0723400000000001,1.14028,15.8354066666667,1.02361333333333,54.1250038146973,53.1354179382324,53.9687525431315,537303484,75,45.6249229609966,0.0544928945600986,1.258092032,,,,,,,537297470,18.325328986586,330.0,370.375,1700.0,1.13978,15.8349,1.02313333333333,-41.8125,-42.9583358764648,-51.5833358764648,537303488,1.224,15.8566866666667,1.14117333333333,-54.71875,-55.2291679382324,-76.0208358764648,4.22933230100933,4.71713277556751,4.87823362428814,-81.0312576293945,-75.5188980102539
,,-3.66249955710551,0.0981424148606812,1.1923,4.7662,1.02562666666667,-49.8125038146973,-50.0312525431315,-53.1354192097982,False,False,False,508385850,172.198368,0.0614600000000001,1.18982,4.76368666666667,1.02353333333333,42.4375,42.1354192097982,41.1770858764648,508381833,37,255.468755960464,0.186913385987282,1.181818112,,4.79286666666667,,,-51.4375012715658,,508380891,41.8754184749023,70.0,93.5833333333333,979.999938964844,1.18922,4.76306,1.02302666666667,-31.5937519073486,-32.9687525431315,-40.9270871480306,508381837,1.23708,4.79286666666667,1.55146,-57.4375,-51.4375012715658,-70.3333384195964,3.02008953669458,3.00471605905919,3.20824946638129,-99.0625,-70.5474395751953
,67.14,10.3624999206464,0.108679245283019,1.10786,5.55171333333333,1.02566,-51.59375,-51.0208371480306,-51.1875019073486,False,False,False,561439788,115.040512,0.0408600000000001,1.1055,5.54854,1.02366333333333,37.34375,29.0625012715658,35.6250012715658,561436846,40,137.187540531158,0.114850349724293,1.215069952,,5.57224,,,-54.8437525431315,,561435883,30.8243817471447,70.0,113.208325703939,670.0,1.10494,5.54778,1.02317333333333,-38.28125,-34.2083358764648,-46.5937519073486,561436851,1.14808,5.57224,1.23752666666667,-54.3437538146973,-54.8437525431315,-64.9270858764648,3.16283941940683,2.54683878634836,3.09806984531354,-79.71875,-64.5422592163086
0.0282929912125578,50.3263157894737,-73.7224933877734,0.175903612393429,1.19334,2.50950666666667,1.02634,-69.03125,-65.437505086263,-68.2812576293945,False,False,False,569825547,313.490688,0.0299,1.18998,2.50616666666667,1.02362,26.6250019073486,31.2500006357829,28.6875019073486,569821972,35,292.187690734863,0.11423072218895,3.801085952,,,,,,,569820130,52.5480069670189,30.0,37.0833333333333,400.0,1.18926,2.50542,1.02298,-55.28125,-52.3333358764648,-58.2500038146973,569821956,1.1941,2.51034,1.6079,-69.46875,-65.8437525431315,-77.0312576293945,3.65229260122976,3.92875440209552,3.84156560681159,-102.843757629395,-77.7744903564453
0.05227277690157,91.3125,-11.712499893568,0.287963635740519,1.1008,4.42155,1.02415333333333,-65.75,-67.78125,-66.281255086263,False,False,False,571457649,161.430576,0.02494,1.1,4.42071,1.0234,30.5000019073486,31.5625009536743,34.2708333333333,571446081,49,100.937463343143,0.241506084799767,1.34301056,,4.42408,,,-69.609375,,571442534,10.1483041147575,100.0,85.0,499.999969482422,1.09972,4.4204,1.02312666666667,-39.0625,-42.2187519073486,-45.9166692097982,571446089,1.10194,4.42408,1.03134666666667,-66.5,-69.609375,-71.2500025431315,1.53163524503492,1.53904071084117,1.64062551455824,-80.1250076293945,-68.5569763183594
0.0285810215232391,72.3907692307693,-8.32249980736721,0.205730129390019,1.22878,2.87408,1.0253,-55.4062538146973,-56.2812538146973,-57.7187515258789,False,False,False,571480116,300.66304,0.04382,1.22684,2.87216,1.023516,43.4375038146973,43.8125038146973,42.7375022888184,571466108,64,170.312494039536,0.0095136389136314,1.171147264,1.2609,,,-54.8125038146973,,,571464200,32.2882033223831,50.0,46.25,550.0,1.22634,2.87164,1.02304,-39.875,-40.34375,-43.4250007629395,571466051,1.2288,2.87426,1.653868,-55.4375,-56.4375038146973,-69.3500030517578,2.90747014731707,3.0745757341091,2.84811175899559,-93.3125,-68.4267120361328
0.0062722078580902,30.92375,-44.7000006453813,0.531818181818182,1.12334,1.44930666666667,1.025072,-68.96875,-61.9270871480306,-62.2375007629395,False,False,False,571522113,645.68384,0.0067600000000001,1.1211,1.44754,1.023568,44.5625038146973,46.9791704813639,43.4000022888184,571518335,37,437.5,0.0638065859675407,1.316064,1.12566,,,-70.5312576293945,,,571517139,21.1516417133289,10.0,10.7083330154419,160.0,1.12064,1.44709333333333,1.023164,-50.40625,-41.0937512715658,-45.2000007629395,571518360,1.12566,1.45196,1.038328,-70.5312576293945,-62.5312538146973,-63.1187530517578,3.60619015021643,3.07006853316681,2.79821373966938,-102.000007629395,-61.4108276367188
0.0288388436371411,94.16,-17.0599992466158,0.247739361702128,1.12714,2.71807333333333,1.02468285714286,-56.15625,-55.3645871480306,-58.2589312962123,False,False,False,596062976,243.19608,0.0178200000000002,1.12558,2.71646,1.02348571428571,45.3125,44.7395858764648,41.808037349156,596054986,30,269.687533378601,0.452471435070038,1.440850432,,2.73164666666667,,,-57.6875038146973,,596036453,15.7180026993333,50.0,42.4166666666667,330.0,1.12512,2.716,1.0231,-40.5,-40.2083346048991,-43.0446434020996,596054980,1.13684,2.73164666666667,1.05127142857143,-59.34375,-57.6875038146973,-65.1830389840262,2.55537444275572,2.72473558145609,2.30286731148125,-93.8437576293945,-64.0827026367188
0.092481622729115,76.635,43.9500033588835,0.269186046511628,1.15234,3.11054,1.02562,-51.7812538146973,-53.2395871480306,-54.1171894073486,False,False,False,576187245,230.627856,0.0359,1.15038,3.10850666666667,1.023635,39.8437538146973,40.8020858764648,37.0468769073486,576143881,49,251.562505960464,0.177902311086655,1.567561216,,,,,,,576132767,24.4302487737689,40.0,52.2083333333333,390.0,1.14984,3.10798666666667,1.023125,-42.2187538146973,-45.4791679382324,-45.1015653610229,576143889,1.1525,3.16084,1.19476,-51.84375,-53.6250025431315,-69.8750038146973,2.95830006740223,3.31391398538285,3.0830056357419,-91.5000076293945,-67.87353515625
0.238902801586002,210.285,-2.37000002956123,0.0833994702931619,1.15364,9.08191333333333,1.02574666666667,-55.8750038146973,-57.4791692097982,-56.9062525431315,False,False,False,529950920,59.129708,0.0555600000000001,1.15142,9.07954666666667,1.02367333333333,50.875,51.8333358764648,47.8750025431315,529857422,65,60.1564422249794,0.0819589495658875,1.2402208,,,,,,,529845713,18.7355875469557,210.0,201.5,1110.0,1.15084,9.07895333333334,1.02312,-43.6875038146973,-47.0520871480306,-48.2812525431315,529857404,1.2519,9.0821,1.13407333333333,-56.5625038146973,-57.5937512715658,-70.031255086263,3.67776659051926,3.96142481499268,3.49080485564217,-76.96875,-69.1967468261719
0.096618038225425,153.076,0.130000014659376,0.0881696428571429,1.16116,12.6736666666667,1.025552,-48.1875,-51.5312525431315,-50.6937522888184,False,False,False,526808416,57.866304,0.0856000000000001,1.1587,12.6715266666667,1.023668,49.5000038146973,50.8854192097982,48.3687515258789,526736169,66,62.6561343669891,0.073129341006279,1.535167488,1.21526,12.73234,,-50.4375038146973,-53.1458358764648,,526733569,19.6834128322073,310.0,291.25,2250.0,1.15816,12.6710066666667,1.023128,-39.875,-40.9687512715658,-49.5312522888184,526736173,1.21526,12.73234,1.161772,-50.4375038146973,-53.1458358764648,-78.1062530517578,3.62377090136595,3.56450132120927,3.01273510077247,-84.8437576293945,-77.4878387451172
0.01093673969375,32.6141666666667,4.40999970915956,0.484325408392643,1.05242,7.14188666666667,1.024355,-63.53125,-63.6770846048991,-64.5625028610229,False,False,False,508402690,227.064384,0.0170400000000002,1.05148,7.14058,1.02342,21.1562519073486,17.8125012715658,24.0000004768372,508400744,51,167.187497019768,0.0990453660488129,1.25899328,,,,,,,508400236,15.2680714795756,140.0,153.0,590.0,1.05114,7.14017333333333,1.023115,-32.46875,-30.3541685740153,-40.9531259536743,508400724,1.05252,7.14237333333333,1.4964,-63.6875038146973,-64.0416692097982,-70.0781269073486,1.47212420900936,1.33086296273122,1.64373774455246,-89.3125,-69.5304718017578
0.0335186624352192,70.8846153846154,36.4575002131939,0.240932642487047,1.10982,2.4759,1.025535,-56.4062538146973,-57.7656269073486,-57.9531278610229,False,False,False,611940594,229.792832,0.02092,1.10772,2.47376,1.02358,41.0312538146973,42.5625038146973,39.8125019073486,611914827,37,278.124988079071,0.0774957835674286,1.164726912,,,,,,,611823070,26.3727094722572,50.0,36.375,300.0,1.10714,2.47319,1.023065,-39.7500038146973,-39.8125019073486,-43.7187528610229,611914853,1.10996,2.47634,1.274645,-56.46875,-58.1250019073486,-61.9609422683716,3.23800587889407,3.08287450155038,3.02249913612818,-92.0000076293945,-61.0074157714844
0.0109993091653475,89.222,21.4199994547082,0.243933660325597,1.70656,4.33322666666667,1.024615,-56.3125,-54.3437538146973,-56.7500019073486,False,False,False,527892913,188.39,0.0597000000000001,1.70522,4.33184,1.023315,34.15625,32.9479204813639,31.8828139305115,527890659,43,94.2410677671432,0.0498451106250286,1.18884352,,4.35344666666667,,,-56.4375012715658,,527890048,16.9488467991214,80.0,82.7916666666667,600.0,1.70476,4.33137333333333,1.02289,-40.4687538146973,-40.5104179382324,-45.4062509536743,527890636,1.72704,4.35344666666667,1.76283,-58.5000038146973,-56.4375012715658,-72.5078144073486,2.28819763848585,2.26285301047941,2.23735709918502,-83.3750076293945,-73.6427917480469
0.638106500313058,319.506666666667,38.9374990583669,0.052,1.06874,5.20283333333333,1.02537,-53.9375038146973,-56.0208371480306,-56.4531269073486,False,False,False,614268309,142.888656,0.02718,1.06676,5.20062,1.02361333333333,37.5937538146973,39.1770833333333,38.9947923024495,614254085,55,133.74999165535,0.312390804290771,1.207411328,,5.24019333333333,,,-58.6770858764648,,614197612,19.9399775707144,150.0,104.5,830.0,1.06624,5.20010666666667,1.02314333333333,-43.15625,-43.0729192097982,-47.2812519073486,614253910,1.0691,5.24019333333333,1.18862666666667,-54.1875038146973,-58.6770858764648,-71.2395858764648,3.23825144972657,3.11800212254427,3.04299131201985,-85.7812576293945,-69.3088455200195
0.0214278155702045,169.056,0.0875000077818835,0.0692307692307692,1.29184,2.82517333333333,1.026975,-53.6562538146973,-54.6458371480306,-56.2812528610229,False,False,False,528618384,152.465888,0.0662400000000001,1.28766,2.82116666666667,1.02367,41.4375038146973,42.5208358764648,41.2812519073486,528615681,38,152.031168341637,0.105140171945095,1.292229504,1.3083,2.85364,,-56.4062538146973,-56.9687538146973,,528614014,33.5386211626237,70.0,45.0,600.0,1.28702,2.82055333333333,1.023145,-39.25,-41.0208358764648,-43.3359403610229,528615685,1.3083,2.85364,1.074665,-56.4062538146973,-56.9687538146973,-63.7500038146973,4.60188079553174,4.43301800162269,4.47981591233657,-77.5312576293945,-60.5815048217773
0.102113788620799,135.516666666667,-117.717502412518,0.151190480001929,1.17436,7.65547333333333,1.025504,-52.1250038146973,-54.9375038146973,-54.9062530517578,False,False,False,549197961,145.055344,0.05664,1.172,7.65350666666667,1.023712,48.09375,45.8125025431315,47.0500015258789,549119689,72,107.343785464764,0.146997362375259,1.427328128,,7.69286,,,-57.3229192097982,,548425467,17.8601269348876,150.0,165.791666666667,1210.0,1.17138,7.65292666666667,1.023124,-38.6562538146973,-44.1041692097982,-49.3437522888184,549119697,1.20818,7.69286,1.173492,-53.7812538146973,-57.3229192097982,-77.3187515258789,3.22180477561964,3.10076531124375,3.14046592887374,-89.0312576293945,-76.6124954223633
0.0422322978749939,103.531111111111,-44.6299976142317,0.202215189873418,1.26488,4.67946,1.02597,-55.84375,-53.0729192097982,-54.8854192097982,False,False,False,561467504,161.885616,0.0657800000000002,1.26198,4.67628666666667,1.0236,42.84375,40.2916679382324,41.2656269073486,561466825,38,191.875040531158,0.116678312420845,1.426546304,,4.70748666666667,,,-58.6354204813639,,561466001,33.509206454831,70.0,91.4166641235352,930.0,1.26132,4.6757,1.02305,-45.8437538146973,-43.7916666666667,-50.1979179382324,561466829,1.33318,4.70748666666667,1.35267666666667,-59.4375038146973,-58.6354204813639,-74.4791692097982,3.98191535045914,4.40208857529164,3.93407452582616,-91.9375076293945,-74.2479476928711
0.459459459459458,10.73,16.4524990853288,0.0090096529467468,1.16954,9.04613333333334,1.02530333333333,-46.5625038146973,-51.0937525431315,-47.8593769073486,False,False,False,508303080,79.442976,0.08494,1.16788,9.04408,1.02374333333333,36.0000038146973,36.4270858764648,35.739585240682,508301821,65,100.31246393919,0.124126777052879,1.218849152,,,,,,,508298270,35.6783137120191,210.0,200.583333333333,2280.0,1.16726,9.04342,1.02311333333333,-37.40625,-37.3750012715658,-49.0625025431315,508301825,1.16954,9.15612666666667,1.02532,-46.5625038146973,-51.9895846048991,-47.8906269073486,2.38662440184626,2.42156717307364,2.33711991406507,-86.0,-74.4915466308594
,13.22,-93.2274951681578,0.0650662302800444,1.11978,6.68505333333333,1.02562666666667,-53.5000038146973,-58.0312538146973,-56.1458358764648,False,False,False,614076036,71.782992,0.0595400000000001,1.11712,6.68204,1.0234,49.3437538146973,49.5833333333333,48.4791679382324,614047315,37,73.9062130451202,0.212933555245399,1.610135296,,,,,,,613944404,22.9456392608297,130.0,141.499994913737,1100.0,1.11662,6.68153333333333,1.02297333333333,-44.5312538146973,-45.0833358764648,-49.5520858764648,614047299,1.22364,6.68552,1.12861333333333,-57.6875038146973,-58.2500025431315,-67.3645833333333,5.39529723672958,5.51411208954367,5.28167571852253,-74.3437576293945,-65.9554977416992
0.0627239120379099,127.113333333333,9.14499899418164,0.123106060606061,1.26682,4.94960666666667,1.02516,-47.78125,-50.3229204813639,-51.7562522888184,False,False,False,508382160,111.166232,0.0960400000000001,1.26446,4.94752,1.023448,44.1875,43.4479179382324,45.1312522888184,508380500,61,189.218744635582,0.0450116954743862,1.06424832,,,,,,,508378649,48.6829629366567,90.0,98.1666666666667,1550.0,1.2639,4.94692666666667,1.022928,-32.0312538146973,-34.2812538146973,-40.1250007629395,508380505,1.325,4.97878666666667,1.724868,-49.8750038146973,-50.7187512715658,-71.5375045776367,3.07856442895698,2.83195657375429,2.97980344295069,-91.96875,-71.4937286376953
0.0520833333333277,5.75999999999999,5.52249999202781,0.0387500010543394,1.03676,14.61499,1.023585,-62.1875038146973,-57.7187538146973,-62.625,False,False,False,488390622,194.528224,0.0109600000000001,1.0362,14.61411,1.022955,24.3750019073486,7.31250047683716,24.7109384536743,488387818,70,87.2070267796516,0.0625777021050453,1.483372288,,,,,,,488386626,5.69877362380269,190.0,339.875,440.0,1.03594,14.61372,1.0227,-37.5,-31.7656278610229,-44.1796894073486,488387800,1.0368,14.61506,1.47198,-62.2500038146973,-57.8281288146973,-66.1484394073486,1.28144781293301,1.00078818954061,1.37728425039635,-75.1562576293945,-64.9860382080078
0.0836310813738023,98.9333333333334,,0.0904696107008927,1.08468,7.35424,1.02456,-53.53125,-56.9791692097982,-55.5937538146973,False,False,False,525050691,97.8914,0.0309200000000001,1.0828,7.35225333333333,1.02279,47.53125,50.0208371480306,47.25,525017009,38,77.0313665270805,0.117860421538353,1.214504448,,,,,,,525007375,15.4026740561014,190.0,158.333333333333,949.999938964844,1.08226,7.35170666666667,1.02229,-42.53125,-43.3020846048991,-49.9062519073486,525017015,1.08476,7.35454,1.10978,-53.6250038146973,-57.1770846048991,-67.8125038146973,3.3500805378746,3.16315401933773,3.45040129336671,-76.4375,-68.0123901367188
0.784570426651081,171.1,-9.68250046112784,0.0679878048780488,1.12236,8.23549333333333,1.02622,-52.5937538146973,-56.6562538146973,-55.1187515258789,False,False,False,657521718,71.919672,0.0624,1.1196,8.23262,1.023728,51.1875038146973,52.5520846048991,53.7125015258789,616899871,59,80.078087747097,0.0854035839438438,3.068230912,,8.28855333333333,,,-57.8645858764648,,571483807,25.8397330373715,180.0,180.291666666667,1390.0,1.11894,8.23199333333333,1.023136,-40.34375,-43.7812525431315,-48.4625007629395,616899551,1.83886,8.28855333333333,1.166396,-54.0625038146973,-57.8645858764648,-71.7312545776367,3.9096488419945,4.26053249436207,4.15911777122386,-88.3437576293945,-70.4068374633789
,,-108.059991510423,0.0668141622992199,1.17534,9.35823333333333,1.025116,-50.8437538146973,-49.7500025431315,-53.2687530517578,False,False,False,508378532,77.388848,0.08904,1.17326,9.35598,1.023464,43.15625,45.3437512715658,41.9750007629395,508377587,41,131.249994039536,0.101794831454754,1.219869184,,9.39161333333333,,,-51.6041679382324,,508376177,35.4557040280556,130.0,208.541666666667,1899.99987792969,1.17274,9.35541333333333,1.022976,-33.09375,-30.9479179382324,-32.1937519073486,508377593,1.26572,9.39161333333333,1.307308,-52.25,-51.6041679382324,-74.0000015258789,3.18860410104351,2.95049008023289,2.64128097389673,-88.7187576293945,-73.8634262084961
0.0727906288885736,137.666666666667,-41.5350011329085,0.107833321654002,1.19394,10.9292533333333,1.025815,-52.6562538146973,-56.1250025431315,-56.1250019073486,False,False,False,614746771,73.672832,0.0807200000000001,1.1918,10.92706,1.023675,50.5,49.0312525431315,48.8828163146973,614733092,54,68.5936734080315,0.0010390860261395,1.529989632,,,,,,,614659629,20.5123679648616,250.0,247.666656494141,1600.0,1.19124,10.9265,1.02312,-39.5312538146973,-42.5729179382324,-46.9765653610229,614733096,1.19406,10.92948,1.63114,-52.7812538146973,-56.3229204813639,-77.5859394073486,3.0773075784682,3.04768233289587,3.03092374598056,-85.5625076293945,-77.1328125
,,-69.3824928066356,0.0540354330708661,1.15088,22.06908,1.02560666666667,-50.34375,-54.7291704813639,-53.2708371480306,False,False,False,545614828,39.90148,0.0703400000000001,1.14878,22.06694,1.02363333333333,51.4687538146973,50.78125,50.5833346048991,545611288,89,37.4998860061169,0.103046096861362,1.215986048,,,,,,,545608578,12.999426938348,560.0,526.124989827474,2250.0,1.14824,22.0663666666667,1.0231,-41.5937538146973,-44.25,-51.6979179382324,545611276,1.24182,22.06934,1.11263333333333,-54.3437538146973,-54.9687512715658,-75.1562576293945,3.67543007940544,3.6658904213871,3.58632124262394,-78.5,-74.4962615966797
,7.23999999999991,39.6950007586216,0.058035719054085,1.10674,15.6067666666667,1.024885,-49.84375,-53.9062512715658,-52.5390653610229,False,False,False,517685180,41.254088,0.0574600000000001,1.1053,15.60518,1.02359,34.2500038146973,37.6979192097982,34.8750019073486,517678480,57,42.4999222159386,0.293877989053726,1.720347136,,15.6720866666667,,,-57.3645858764648,,517673596,15.3617365679641,330.0,364.583323160807,2080.0,1.10482,15.6047,1.02312,-43.5625,-45.3541679382324,-53.2109394073486,517678487,1.10684,15.6720866666667,1.115245,-49.9062538146973,-57.3645858764648,-76.1406307220459,2.86234130571679,3.04683006771591,2.63039641075435,-78.6562576293945,-73.9350891113281
,8.08000000000009,28.1049992306714,-1.52799589482243e-18,1.1382,27.23678,1.02635,-45.3125,-50.7291692097982,-50.1562519073486,False,False,False,539878543,23.177554,0.09388,1.13554,27.2339266666667,1.02374,54.9062538146973,56.4270871480306,54.2031288146973,539554204,107,24.8436741530895,0.0058901566080749,1.266039552,,,,,,,539547437,17.4463149549966,610.0,655.333333333333,2450.0,1.13498,27.2333733333333,1.02322,-40.34375,-45.6041692097982,-49.1406288146973,539554208,1.13856,27.2703666666667,1.13898,-45.375,-51.2500025431315,-71.2968788146973,4.75378508592048,5.35257142802277,5.08370642478267,-73.8125076293945,-70.5467376708984
,,15.1774981471675,0.0078124977648261,1.11924,22.18996,1.024956,-51.7187538146973,-56.5000025431315,-51.9625030517578,False,False,False,517724847,48.393784,0.0568200000000001,1.11732,22.1880666666667,1.023512,41.71875,44.2708371480306,41.2937515258789,517694877,65,37.0312482118607,0.225655257701874,1.125157376,,22.21992,,,-57.3541704813639,,517693519,12.9411595853223,470.0,529.208333333333,2550.0,1.11684,22.18758,1.023064,-42.90625,-42.1979192097982,-50.4125022888184,517694881,1.18326,22.21992,1.09996,-61.0312538146973,-57.3541704813639,-77.0250030517578,3.98900917601067,3.74198462819686,3.47569689390457,-78.9687576293945,-74.8920059204102
,14.74,-44.3600017829837,0.0284090902785622,1.24466,14.24788,1.025832,-43.46875,-49.2395833333333,-46.2250015258789,False,False,False,520564884,44.13428,0.0981800000000002,1.24146,14.24476,1.023608,48.90625,49.1041704813639,47.83125,520482133,87,44.2186743021011,0.233237743377686,1.850796928,,14.3270133333333,,,-50.3958346048991,,520480180,33.1982557647002,250.0,330.625,2670.0,1.24092,14.2442,1.023088,-35.1875,-38.5312512715658,-48.3937522888184,520482137,1.42068,14.3270133333333,1.152992,-54.46875,-50.3958346048991,-65.3625045776367,3.97325544231591,4.1932486492314,3.87974490314534,-73.25,-67.4992980957031
0.279993307595055,208.75,-9.1000002672148,0.0838532884181909,1.22576,10.4518866666667,1.0257,-56.15625,-56.5208371480306,-57.1312522888184,False,False,False,541566024,63.460724,0.0575400000000001,1.22386,10.44994,1.023812,49.8750038146973,48.5416692097982,48.6187515258789,541564875,62,77.8125375509262,0.103229723870754,1.25938432,,,,,,,541563728,21.9267331657492,200.0,235.75,1260.0,1.2233,10.4493533333333,1.02324,-41.1875038146973,-43.3229179382324,-47.8312530517578,541564851,1.2258,10.4520266666667,1.154376,-56.2187538146973,-56.6145858764648,-70.2250030517578,3.06417958608061,3.15258381927199,3.15222076497582,-78.84375,-70.0072402954102
,15.12,8.99749979382802,0.071022730070697,1.28616,7.43434666666667,1.02561,-48.6250038146973,-51.5625012715658,-51.9531288146973,False,False,False,528705714,76.463248,0.117,1.28388,7.43199333333333,1.023715,41.0,40.7708346048991,38.1484394073486,528698328,45,126.562416553497,0.0994826108217239,1.416231296,,7.53171333333333,,,-52.9062525431315,,528697733,45.5779512494911,130.0,160.25,1680.0,1.28326,7.43134,1.023125,-37.3125,-40.1354192097982,-46.8828153610229,528698332,1.51162,7.53171333333333,1.22357,-56.0937538146973,-52.9062525431315,-68.9843788146973,3.4012598523145,3.13190850656487,2.97233885124289,-88.0625,-73.7528762817383
0.794696206780799,148.95,93.994999283975,0.110194174757281,1.23532,5.10146,1.02578,-49.84375,-50.9218788146973,-49.6796884536743,False,False,False,571664188,147.88936,0.0640000000000001,1.23242,5.09855,1.02356,45.4375038146973,44.0937519073486,45.5000019073486,571649504,53,197.812452912331,0.108458638191223,2.98824192,,5.12966,,,-53.6718769073486,,571642127,37.4244913615266,70.0,101.9375,999.999938964844,1.23186,5.09797,1.02305,-37.1250038146973,-37.1406269073486,-45.7656269073486,571649508,1.35378,5.12966,1.1495,-58.1250038146973,-53.6718769073486,-61.2343769073486,4.15823765508121,3.89185936981171,3.98674059899629,-94.4375,-72.0715789794922
0.0515021459227427,13.98,6.35249968947149,0.374149659863946,1.03656,6.55968666666667,1.0244,-68.9062576293945,-63.0312525431315,-69.3937530517578,False,False,False,528083610,191.885856,0.0090000000000001,1.03566,6.55845333333333,1.023536,28.6875019073486,16.1770842870076,34.0687515258789,528030164,45,225.312381982803,0.138268500566483,1.102971392,,,,,,,528028846,22.187623489305,130.0,138.416664123535,340.0,1.03528,6.55788666666667,1.023176,-40.4687538146973,-29.6666685740153,-45.5625022888184,528030138,1.03662,6.55974,1.024492,-69.03125,-63.1145871480306,-69.5687530517578,1.36652442559981,0.885542304916614,1.43522251340304,-90.53125,-64.8993682861328
0.0694928774286735,192.52,18.4524999446989,0.10828239608802,1.33044,3.03572666666667,1.025485,-54.1250038146973,-60.4062538146973,-57.5390625,False,False,False,576135550,141.974144,0.0573600000000001,1.32806,3.03348666666667,1.023505,52.5312538146973,47.9062525431315,50.1328153610229,576127911,54,160.312607884407,0.274878233671188,1.424139776,,3.08688666666667,,,-62.1666679382324,,576120358,29.1447077644731,90.0,50.3333333333333,640.0,1.32758,3.03296666666667,1.023035,-39.2812538146973,-47.0104166666667,-49.1796884536743,576127901,1.37092,3.08688666666667,1.128475,-57.03125,-62.1666679382324,-67.5078163146973,4.38799527175214,4.2447425008912,4.43220292229363,-84.65625,-66.6899871826172
0.0177868821756395,115.222857142857,-29.5925020599164,0.108712121212121,1.28462,4.54139,1.02635,-55.6250038146973,-56.7500038146973,-58.8593769073486,False,False,False,569875160,103.599664,0.0922800000000001,1.28212,4.5388,1.02373,44.9375038146973,45.4218788146973,40.5468769073486,569872595,39,172.656327486038,0.229945361614227,1.143142784,,,,,,,569869510,35.5869326732087,90.0,87.9375,610.0,1.28156,4.53821,1.0232,-45.5937538146973,-48.2656269073486,-49.6718769073486,569872599,1.28532,4.54193,1.14416,-56.0937538146973,-57.1406269073486,-67.984375,3.56360115117884,3.67193100622231,3.38300594373966,-86.0,-67.2901382446289
,,43.4449975994511,2.10308533969584e-18,1.13786,13.8582666666667,1.025572,-48.5,-49.3854192097982,-50.0250030517578,False,False,False,526868947,50.647892,0.0842400000000001,1.13538,13.8557466666667,1.023584,45.6875,47.2812512715658,46.4750022888184,526800510,57,64.3749609589577,0.105062574148178,1.209981952,,13.8985933333333,,,-54.5000025431315,,526791834,28.0877914115131,310.0,320.833333333333,2500.0,1.13478,13.8551133333333,1.022992,-40.34375,-37.6458371480306,-51.7875015258789,526800514,1.20494,13.8985933333333,1.173708,-54.3125,-54.5000025431315,-75.73125,3.18329528576662,2.94496577045307,3.13760712417688,-82.2500076293945,-75.0769500732422
0.0125164891737965,109.6375,9.9550003657134,0.17821428460199,1.23542,2.20702666666667,1.02522,-58.9062538146973,-60.5000038146973,-60.9375019073486,False,False,False,530229483,270.282976,0.05498,1.23312,2.20474,1.02344,44.6250038146973,42.7083358764648,45.4843769073486,530068011,31,314.59829211235,0.079547680914402,2.819726336,,2.21822666666667,,,-62.0416692097982,,530062268,63.6702227307401,30.0,29.5833333333333,460.0,1.23262,2.20424,1.02304,-34.28125,-36.4375012715658,-43.5625,530068015,1.24566,2.21822666666667,1.93563,-60.7187538146973,-62.0416692097982,-64.125,3.21870899464965,2.95766816677629,3.47919687307135,-93.4375076293945,-63.3676948547363
0.103273158748067,166.168,39.8375013532792,0.0816463554375522,1.13882,15.5412,1.0256,-52.1875038146973,-56.0833358764648,-54.15625,False,False,False,531543209,57.31082,0.0660000000000001,1.1367,15.5390866666667,1.02363,46.6250038146973,50.3333346048991,48.828125,531533633,75,42.1874225139618,0.100523665547371,1.499445248,,,,,,,531517732,17.483850139802,350.0,362.958333333333,2290.0,1.1362,15.53856,1.02313,-42.6250038146973,-42.7812538146973,-52.5625038146973,531533616,1.20444,15.5823133333333,1.1231,-57.0,-56.6145871480306,-80.5781326293945,3.7292950511368,3.88407343862974,3.95574027544381,-84.65625,-79.7250595092773
0.0079295629904064,76.8818181818182,9.02249976120206,0.164015148157806,1.32154,2.6639,1.026316,-54.0,-57.0625038146973,-55.9500038146973,False,False,False,614747328,145.581088,0.0551000000000001,1.31858,2.66074666666667,1.023604,52.1875038146973,48.0833346048991,48.0375015258789,614733831,33,225.625038146973,0.176431387662888,2.133127424,1.3237,2.6653,,-55.2187538146973,-57.8437525431315,,614635228,38.3478424772232,50.0,41.0,509.999969482422,1.31812,2.66028666666667,1.023192,-42.1875,-44.3020858764648,-44.6250022888184,614733857,1.3237,2.6653,1.792348,-55.2187538146973,-57.8437525431315,-64.6000045776367,5.64783154739687,5.15745589464249,4.75680744722162,-90.4375,-64.65869140625
0.069601199427503,98.5125,8.2525002456646,0.171998483577207,1.25138,2.30349333333333,1.024925,-60.0937538146973,-59.4270871480306,-63.3281278610229,False,False,False,571441658,323.304,0.0316800000000002,1.24984,2.302,1.02376,39.7500038146973,39.0729179382324,31.9921879768372,571436792,28,344.218641519547,0.202861756086349,1.601057152,,,,,,,571435969,30.7479502793543,30.0,32.0416666666667,390.0,1.24934,2.30149333333333,1.023315,-40.53125,-42.5937525431315,-46.3359403610229,571436796,1.25152,2.30363333333333,1.827025,-60.1562538146973,-59.5416679382324,-69.0546875,2.25915525254877,2.30351392731839,1.7841654652315,-94.125,-68.7956695556641
0.0050477739680364,50.1210526315789,12.9825004913098,0.2922,1.23636,2.26486,1.02473333333333,-53.5000038146973,-53.7395858764648,-53.8333346048991,False,False,False,542180726,425.312864,0.0250000000000001,1.23496,2.26335333333333,1.02348,43.2500038146973,44.4062538146973,43.7500012715658,542179430,51,334.843695163727,0.0226837228983641,1.295977216,1.26018,2.28694,,-63.3750038146973,-61.3854192097982,,542179094,20.2932397052966,40.0,31.0416666666667,430.0,1.23452,2.26290666666667,1.02306666666667,-41.3437538146973,-43.1458346048991,-44.2500012715658,542179408,1.26018,2.28694,1.07861333333333,-63.3750038146973,-61.3854192097982,-71.75,2.97955136899439,2.97126910676583,2.70663069798535,-97.5937576293945,-71.2976379394531
,,-4.58999982119734,3.8600403269358e-19,1.11618,17.5014533333333,1.025064,-46.5,-46.6562512715658,-52.3312538146973,False,False,False,508429735,59.950876,0.06932,1.11394,17.4994466666667,1.023508,43.4375038146973,38.3958333333333,44.2312507629395,508428566,76,79.6875357627869,0.232555940747261,1.42271488,,17.53208,,,-49.7604192097982,,508427757,41.1827288868589,290.0,411.958333333333,2500.0,1.11344,17.4988333333333,1.023084,-27.9687519073486,-28.1562512715658,-41.0250007629395,508428570,1.17954,17.53208,1.164484,-51.2500038146973,-49.7604192097982,-70.6875030517578,3.35920058974387,2.70276313100197,3.26402984852855,-78.8125,-69.3782272338867
,24.2199999999999,-22.1625010010662,0.0503116362133717,1.1592,15.7362866666667,1.02562,-50.0312538146973,-54.9375038146973,-50.9218788146973,False,False,False,571651582,52.75844,0.0809200000000001,1.15652,15.7336,1.02369,46.5625038146973,45.4583346048991,47.0468769073486,571632971,64,55.6189380586147,0.0881623178720474,1.219499904,,15.75974,,,-56.0520846048991,,571624971,25.9421972155833,220.0,367.833333333333,2570.0,1.15596,15.7330533333333,1.02312,-41.40625,-41.7083346048991,-51.6562538146973,571632973,1.2956,15.75974,1.20652,-54.875,-56.0520846048991,-75.0781288146973,4.08956733607173,3.82653548796924,3.67806649806326,-87.65625,-74.3586807250977
0.36593657317025,175.06,-1.3999999076697,0.0906250057475906,1.17838,5.37078,1.0254,-53.84375,-56.4375038146973,-55.1562538146973,False,False,False,611988589,89.021264,0.0706800000000001,1.17614,5.3681,1.02355,46.6875038146973,42.125,41.7187519073486,611961288,37,128.682896494865,0.121304832398891,2.772824576,,,,,,,611915585,53.0115741591495,110.0,108.625,1300.0,1.1756,5.36748,1.02302,-38.75,-41.6875038146973,-44.0937519073486,611961274,1.17872,5.37134,1.66943,-54.0312538146973,-56.6562538146973,-72.1250038146973,3.86637595695581,3.31092352892709,3.14043205784984,-88.5625,-71.3307342529297
,10.44,-13.132500295554,0.0250000127156575,1.11506,19.1316066666667,1.02584,-42.90625,-51.1458371480306,-47.3437538146973,False,False,False,531542653,49.588368,0.07168,1.11268,19.1290333333333,1.02366,38.3437538146973,42.4062525431315,33.5,531531900,87,33.2813262939453,0.17229101061821,1.203353216,,19.1897733333333,,,-54.8020858764648,,531517518,15.3560450528803,450.0,452.5,2550.0,1.11216,19.1285,1.02316,-39.3125,-43.0312538146973,-37.6875038146973,531531904,1.20844,19.1897733333333,1.11394,-53.9375038146973,-54.8020858764648,-70.28125,4.25974762215365,4.0909865596669,3.44490518426894,-71.7812576293945,-68.5309219360352
0.0560648915757007,82.6181818181818,-7.47749952234589,0.148478835978836,1.12162,2.95360666666667,1.025396,-53.6250038146973,-54.2395833333333,-54.7437522888184,False,False,False,528623021,250.51912,0.04522,1.11962,2.95155333333333,1.023516,46.59375,48.9791679382324,46.8750007629395,528619501,29,195.781216025352,0.0293114800006151,1.215430912,,,,,,,528617665,29.7624653548975,70.0,48.3333333333333,800.0,1.11914,2.95108666666667,1.023076,-37.96875,-39.3854192097982,-42.6125015258789,528619505,1.1218,3.01052,1.673356,-53.75,-54.8645846048991,-72.1312530517578,3.93115657113875,4.04387615238781,3.96170307235379,-93.40625,-71.1627197265625
,599.58,24.1050009813781,0.0541800655202841,1.1244,18.5980266666667,1.025004,-51.7812538146973,-50.5104192097982,-52.7875022888184,False,False,False,576102792,45.642772,0.0623400000000001,1.1226,18.5962266666667,1.023556,42.59375,43.9270858764648,41.2812530517578,576097245,38,44.5313453674316,0.225550159811974,1.12639232,,18.64672,,,-53.4895858764648,,576090160,17.0950080448901,380.0,439.375,2400.0,1.122,18.5956,1.022984,-40.2500038146973,-39.1875012715658,-50.2000030517578,576097247,1.22512,18.64672,1.132116,-54.25,-53.4895858764648,-77.1562515258789,2.65004811340989,2.73090741458743,2.39289070764171,-85.5,-75.6021347045898
,6.83999999999996,-22.5974985251787,0.0593750009792187,1.11688,9.72222666666667,1.025008,-50.0,-52.3229192097982,-47.6250015258789,False,False,False,531543669,70.14132,0.0638400000000001,1.11514,9.72003333333333,1.023496,50.2812538146973,38.6875,46.4937515258789,531533294,56,68.9061731100082,0.211630612611771,1.80020224,,9.79449333333333,,,-54.1145871480306,,531520401,20.7504039518502,190.0,217.499994913737,2070.0,1.11474,9.71948666666667,1.023064,-42.65625,-42.6979166666667,-49.3125038146973,531533298,1.11696,9.79449333333333,1.025052,-50.0625038146973,-54.1145871480306,-47.6812515258789,4.46920730828021,3.29464073892411,4.18388566693171,-78.0,-70.6380004882812
0.0087790073528134,97.7825,27.0574986027672,0.138788665872994,1.61308,6.4467,1.02591,-53.9687538146973,-58.0520846048991,-65.4687525431315,False,False,False,569867358,145.889152,0.1933,1.61032,6.44389333333333,1.02365,47.2812538146973,48.3020833333333,44.6250031789144,569858238,72,147.499889135361,0.176919594407082,1.456573696,,6.44802,,,-58.6875025431315,,569849486,23.7378248762697,100.0,135.583333333333,920.0,1.60974,6.44336,1.02318333333333,-36.21875,-39.7187525431315,-42.1041679382324,569858244,1.64044,6.44802,1.09145666666667,-57.59375,-58.6875025431315,-72.7864634195964,3.74008738869717,3.84898264995086,2.73068951954487,-90.53125,-72.3686218261719
-0.0015247323632009,35.6066666666667,11.0074995993137,0.543457179910502,1.27742,4.24382666666667,1.024088,-67.3437576293945,-65.28125,-66.30625,False,False,False,527937484,188.651616,0.0258200000000002,1.27656,4.2429,1.023232,17.78125,21.0208333333333,20.9312507629395,527934036,39,114.062502980232,0.0184024628251791,0.97059136,,,,,,,527932447,13.8546488210363,60.0,80.625,340.0,1.27622,4.24252666666667,1.022904,-47.6875,-45.3541679382324,-51.7812538146973,527934022,1.27742,4.24412,1.027604,-67.3437576293945,-65.5208358764648,-68.2312561035156,1.43266631166845,1.47547467468752,1.48006248490686,-79.25,-65.8368988037109
0.217400036245953,191.81,19.2224985928746,0.101455029259102,1.0895,7.85255333333333,1.025155,-50.3125038146973,-55.5729204813639,-53.1250019073486,False,False,False,531543109,77.762448,0.04186,1.08776,7.85067333333333,1.02349,50.15625,51.4062512715658,50.7343778610229,531530367,44,77.5000005960464,0.271251142024994,1.35121664,,,,,,,531526842,16.7649251978106,150.0,170.791666666667,850.0,1.08728,7.85016,1.02305,-36.28125,-38.5625,-44.6640644073486,531530349,1.19434,7.85274,1.104605,-51.0,-55.7395871480306,-65.4921875,3.7998417692679,3.3712365809569,3.64669348534602,-72.15625,-63.1354331970215
0.011446689390152,59.92625,-14.0724992422903,0.243478260869565,1.07858,4.00657333333333,1.02484333333333,-55.8750038146973,-55.9687538146973,-57.2864608764648,False,False,False,527896425,225.272704,0.02586,1.07714,4.00514,1.02363666666667,27.0,31.6250012715658,30.4218759536743,527891536,52,146.428570151329,0.0640691146254539,1.036798464,1.0891,4.02008,,-58.15625,-60.0416704813639,,527890930,12.2222128631994,90.0,74.625,580.0,1.07672,4.00472666666667,1.02326666666667,-38.0625,-39.0520858764648,-42.9687531789144,527891540,1.0891,4.02008,1.0636,-58.15625,-60.0416704813639,-71.5052108764648,2.36797603009506,2.76903561644465,2.50352637235629,-86.1562576293945,-69.4349212646484
0.0425575706993715,40.4834782608696,46.6200029969333,0.411654129824015,1.10712,2.40242666666667,1.02464285714286,-52.5937538146973,-54.8958371480306,-53.4419681004116,False,False,False,592559541,265.065824,0.0299400000000001,1.10562,2.40079333333333,1.02333428571429,39.96875,42.3541692097982,40.6339302062988,592524500,52,270.312875509262,0.15264980494976,0.982894592,,,,,,,592472734,24.1021780963723,30.0,34.5416653951009,340.0,1.10512,2.40034,1.02291714285714,-41.4375038146973,-38.5520858764648,-42.8482159205845,592524420,1.10712,2.40261333333333,1.48183142857143,-52.5937538146973,-54.9895858764648,-61.5848225184849,2.58197422762564,2.79409096877841,2.67045690564994,-81.4375076293945,-60.8193550109863
,,-3.56749959434799,0.0330512060939484,1.17572,13.44938,1.02725714285714,-49.7187538146973,-51.8020871480306,-51.625002179827,False,False,False,725524185,50.634552,0.0716200000000002,1.1726,13.4463,1.02468285714286,52.9375038146973,50.5000038146973,48.4017884390695,587815177,60,39.0623472630978,0.101171344518661,0.951848896,,,,,,,587770251,20.010039532592,310.0,310.625,1889.99987792969,1.17202,13.44566,1.02410571428571,-35.34375,-36.3125012715658,-40.4062505449568,587815187,1.24106,13.44978,1.12126571428571,-52.96875,-52.0625038146973,-65.3883950369699,4.3077853767406,3.83413397340466,3.86663915661011,-69.5625,-65.30810546875
0.0717581105563805,62.6442857142857,-45.4975015995451,0.216964282792594,1.49534,1.84926666666667,1.026668,-53.0625038146973,-52.2708358764648,-54.0062530517578,False,False,False,542143884,202.299824,0.04494,1.49224,1.84589333333333,1.02372,46.90625,50.4895858764648,49.8000030517578,542136603,43,322.031199932098,0.0445071831345558,1.2284064,,,,,,,542131227,44.1880384844699,30.0,20.625,310.0,1.4916,1.84530666666667,1.02318,-39.9375038146973,-43.8125,-45.0937530517578,542136583,1.49586,1.84982666666667,1.027216,-53.4687538146973,-52.5833358764648,-54.2625022888184,4.81738650569614,5.17536001161987,4.9808230658099,-93.9375,-64.5069961547852
0.681992582580089,293.973333333333,-9.85249989232662,0.11670761661937,1.21286,6.40992,1.02514,-49.6562538146973,-53.1354179382324,-51.2062530517578,False,False,False,530110724,88.666744,0.0827600000000002,1.2109,6.40763333333333,1.023488,49.125,48.5729192097982,48.7250015258789,529991218,42,140.468791127205,0.190388008952141,1.155020416,,6.48054666666667,,,-55.1666704813639,,529988599,37.1544128613529,90.0,134.708333333333,1370.0,1.21044,6.40716,1.023052,-39.96875,-41.3750025431315,-45.8000015258789,529991222,1.48268,6.48054666666667,1.025216,-58.0937538146973,-55.1666704813639,-51.2937522888184,4.58163518438146,4.80988630668825,4.21097604949247,-86.3125,-71.1122970581055
-0.0564142628522379,248.206666666667,18.7475000801296,0.0535714290904344,1.61646,4.56763333333333,1.026365,-50.96875,-48.1458346048991,-48.0312528610229,False,False,False,613531320,105.578256,0.0970800000000001,1.61224,4.56368,1.023915,43.5000038146973,38.3437525431315,34.5156269073486,613507801,68,237.343743443489,0.0632668733596802,1.521001088,,4.5771,,,-52.2395858764648,,613442532,68.671009882657,170.0,88.5833282470703,1370.0,1.61128,4.56270666666667,1.023165,-29.5312519073486,-36.0833333333333,-37.3359394073486,613507706,1.6179,4.5771,1.784415,-51.59375,-52.2395858764648,-67.5,2.52563843279229,3.13037170659423,2.09581489099486,-91.8125076293945,-66.899543762207
,10.8200000000001,7.84250008684095,0.0403810544449284,1.1814,8.46410666666667,1.02574,-47.4375038146973,-50.8020858764648,-49.2312522888184,False,False,False,508394158,103.592304,0.06684,1.17926,8.46168666666667,1.023988,40.0,40.4479166666667,42.5250015258789,508391210,54,125.93749165535,0.0650360435247421,1.44528576,,,,,,,508390405,27.1164125636404,160.0,186.0,1700.0,1.17864,8.46098666666667,1.023328,-33.09375,-31.2812512715658,-44.1000022888184,508391198,1.55634,8.47932,1.0258,-53.75,-51.2187512715658,-49.2875022888184,2.92077804741424,2.78219880682362,2.86736753119736,-88.3437576293945,-74.4361953735352
0.962176383116636,262.27,-9.02000002467318,0.0423857880877176,1.19728,10.8987733333333,1.02566,-42.59375,-44.9791692097982,-46.6500015258789,False,False,False,520631104,59.216104,0.0948600000000002,1.1949,10.8959533333333,1.023676,42.90625,44.6562525431315,40.6812515258789,520627088,53,102.968789637089,0.180508822202682,1.498045696,,10.9953666666667,,,-47.5104179382324,,520623958,40.0150334504617,150.0,246.874989827474,2060.0,1.1943,10.8953066666667,1.0231,-32.9687538146973,-33.2083358764648,-38.9937507629395,520627092,1.1975,10.9953666666667,1.025672,-42.65625,-47.5104179382324,-46.7062530517578,3.68582741201297,3.54463044245136,3.26337894471456,-81.15625,-69.5377960205078
0.43603426699211,260.853333333333,-0.507500020740376,0.0804119547657512,1.13814,17.6315933333333,1.02524,-47.2812538146973,-52.4583371480306,-51.1750022888184,False,False,False,541544411,45.479212,0.0547800000000001,1.13634,17.62978,1.023664,42.4687538146973,49.5937525431315,48.4500030517578,541542998,72,51.8749244511127,0.17285892367363,1.20948992,,17.6887266666667,,,-54.0000025431315,,541541635,14.9746474760516,300.0,415.208333333333,1660.0,1.13576,17.62926,1.023148,-41.3437538146973,-45.7916679382324,-48.7437522888184,541542986,1.13836,17.6887266666667,1.120144,-47.46875,-54.0000025431315,-72.9250061035156,2.88656224227915,3.40125208420714,3.14517757770332,-77.5312576293945,-71.0749206542969
0.067571591716386,112.995,53.3025013016442,0.081875,1.10924,3.97162666666667,1.025605,-53.0000038146973,-54.6458371480306,-53.6328134536743,False,False,False,571751909,54.873168,0.04878,1.10698,3.96924,1.02359,53.5625038146973,52.9479192097982,53.3359394073486,571741689,52,76.1718526482582,0.107519410550594,1.234991872,,,,,,,571735073,30.1809184026057,100.0,73.75,870.0,1.10652,3.96878,1.02315,-42.9375038146973,-44.3750025431315,-47.046875,571741697,1.1095,4.02132666666667,1.178635,-53.1875,-55.2708358764648,-60.9687519073486,4.97328244261946,5.22867135002346,5.06404892681704,-77.5312576293945,-60.3107299804688
0.0053269471451794,72.9953846153846,-2.75499978732996,0.179186602289983,1.33828,3.22927,1.02464,-56.9062538146973,-58.1875038146973,-58.9843788146973,False,False,False,576117795,208.22856,0.0368000000000002,1.33698,3.228,1.02357,42.1562538146973,42.0312538146973,39.578125,576105867,42,179.843753576279,0.157440662384033,1.533878272,1.3522,3.245,,-59.1562538146973,-61.4375019073486,,576095991,18.5390718014029,70.0,55.1875,469.999969482422,1.33654,3.22758,1.02319,-37.34375,-40.2500019073486,-41.875,576105873,1.3522,3.245,1.053,-59.1562538146973,-61.4375019073486,-67.6250038146973,2.52061630228839,2.586455470023,2.21960437137737,-81.40625,-64.4421920776367
0.0019469987181299,18.3641509433962,18.120000291888,0.734205557054221,1.1509,2.39275333333333,1.023704,-70.5625076293945,-69.7708384195964,-70.9187545776367,False,False,False,545213044,226.039264,0.0105600000000001,1.15026,2.39214666666667,1.023132,35.8125,34.5208346048991,39.7437522888184,545193094,34,191.249921917915,0.141937166452408,1.816854016,,,,,,,545192313,11.3428607099089,40.0,34.2916666666667,260.0,1.14996,2.39185333333333,1.022872,-44.5625038146973,-42.0104192097982,-48.2812530517578,545193082,1.15096,2.39279333333333,1.023744,-70.7500076293945,-69.8645858764648,-71.0687530517578,1.3181791825484,1.26563246864964,1.38137396165996,-88.5,-66.0131454467773
0.340807174887883,8.92000000000004,-6.60499953342164,0.0770089312764451,1.1108,12.2385866666667,1.0252,-48.5625,-51.6875025431315,-50.6187515258789,False,False,False,531546310,62.710572,0.04728,1.10896,12.2364266666667,1.023504,41.625,43.3854192097982,42.3125030517578,531539363,55,81.4063251018524,0.325009882450104,1.220539904,,12.2779733333333,,,-53.1354179382324,,531532489,21.3112945520575,130.0,280.375005086263,1009.99993896484,1.10846,12.2359066666667,1.02304,-42.2500038146973,-42.2916666666667,-47.3187530517578,531539343,1.1108,12.2779733333333,1.02524,-48.5625,-53.1354179382324,-50.6625015258789,4.04678700385837,4.3650481835786,3.8911500355193,-75.0,-65.9936828613281
,,-44.9099993304891,0.0085449412027235,1.175,11.5511,1.0254,-49.5625038146973,-49.0312525431315,-50.8312522888184,False,False,False,549196811,68.625184,0.08924,1.17238,11.5483866666667,1.023544,41.5312538146973,43.6145858764648,41.7500007629395,549114835,50,84.6875011920929,0.226034358143806,1.37611584,,11.5753466666667,,,-54.0729192097982,,548434716,24.5550063519056,230.0,263.166661580404,2100.0,1.1718,11.5478066666667,1.02302,-41.3750038146973,-36.2395846048991,-49.8625022888184,549114841,1.2389,11.5753466666667,1.164032,-56.9062538146973,-54.0729192097982,-75.1312545776367,3.58569835096694,3.55744430867497,3.2455174106485,-83.15625,-74.058479309082
0.0475521186005619,131.814285714286,-96.4725035967895,0.131633041492196,1.22846,4.45602,1.025945,-53.9375038146973,-54.2968788146973,-54.4375028610229,False,False,False,571524718,130.993872,0.0655000000000001,1.226,4.45325,1.023515,53.6562538146973,46.6875038146973,52.9531269073486,571522954,56,142.656281590462,0.0661417245864868,3.024525056,,4.51243,,,-58.3750019073486,,571520908,28.3540815618424,90.0,85.8125,1160.0,1.22548,4.45266,1.023015,-39.6875038146973,-42.5312538146973,-46.1406269073486,571522999,1.27764,4.51243,1.42527,-57.2812538146973,-58.3750019073486,-72.0312519073486,4.24755946367544,3.96755994929537,4.04248189875441,-87.65625,-71.710334777832
,11.1999999999999,-94.6624931219553,0.0078125018094269,1.14078,23.3554466666667,1.025828,-49.1562538146973,-53.0729179382324,-51.4250022888184,False,False,False,537330798,39.080552,0.0677800000000002,1.13824,23.35294,1.023576,52.875,52.8541679382324,52.2562522888184,537313761,70,34.5312505960464,0.149323329329491,1.190512896,,,,,,,537307503,17.3983563522085,350.0,558.291666666667,2080.0,1.13774,23.3524,1.023072,-42.03125,-43.5625012715658,-49.8812538146973,537313765,1.26648,23.3562466666667,1.123696,-59.8125,-53.5104204813639,-71.3125015258789,4.58818611666028,4.27750697165815,4.25845358880781,-75.0,-70.8896484375
,,10.6199996713352,0.072776182870063,1.11462,10.06532,1.02513333333333,-52.40625,-57.1354192097982,-55.4791692097982,False,False,False,601978083,72.665088,0.0463600000000002,1.11298,10.0636333333333,1.02364,42.5,45.5416692097982,43.5312512715658,601965670,51,60.9376132488251,0.247127160429955,1.114793984,,10.0869533333333,,,-57.9895858764648,,601958555,14.5906492570166,230.0,226.124994913737,1160.0,1.11246,10.0631133333333,1.02316666666667,-40.4062538146973,-43.2500012715658,-45.0729179382324,601965689,1.14958,10.0869533333333,1.09256,-55.9687538146973,-57.9895858764648,-67.6979166666667,3.00207559603427,3.00811857806427,2.94330402222875,-73.7187576293945,-66.4469833374023
,,36.167499550821,0.0656126497380683,1.16664,9.55878,1.025104,-52.09375,-54.1666692097982,-54.5000022888184,False,False,False,508281242,79.3276,0.06904,1.16416,9.5562,1.023368,54.2812538146973,55.5312525431315,53.7500007629395,508280514,43,82.031212747097,0.178746446967125,1.988103808,,9.59537333333333,,,-56.7812525431315,,508280093,23.1589550101409,170.0,213.375,1700.0,1.16376,9.55578,1.023008,-34.5000038146973,-34.8541692097982,-43.6375015258789,508280518,1.22532,9.59537333333333,1.148096,-58.6875038146973,-56.7812525431315,-73.8000061035156,5.27107135136956,5.35879727920545,4.96119451734703,-82.09375,-72.6184158325195
,11.22,-16.9074997058427,0.0545454487376958,1.22878,10.56934,1.0259,-49.6562538146973,-53.4583346048991,-50.7343769073486,False,False,False,508403533,54.9644,0.10364,1.22662,10.56686,1.02387,38.5000038146973,39.8958346048991,36.7187519073486,508401886,72,76.5624195337296,0.0991808697581291,1.302906496,,,,,,,508400454,34.2340519890275,230.0,238.625,2270.0,1.22596,10.5661333333333,1.02321,-38.03125,-37.9166666666667,-40.0,508401891,1.77826,10.5695133333333,1.66558,-51.9062538146973,-53.5937525431315,-70.7812538146973,2.9287727025713,2.9234329025276,2.88433204630298,-77.28125,-70.1566543579102
,12.06,10.5049996479423,0.0580181563652349,1.34782,6.87806666666667,1.02592,-50.65625,-54.6041692097982,-53.9895846048991,False,False,False,508415359,61.912088,0.12172,1.3452,6.87542666666667,1.02365333333333,45.2812538146973,45.1666692097982,42.0625038146973,508412581,47,104.16666418314,0.123972594738007,2.146958208,,,,,,,508411248,34.7681332794638,130.0,146.375,1560.0,1.34466,6.87487333333333,1.02316,-37.5937538146973,-39.46875,-41.4895846048991,508412585,1.52422,6.87858666666667,1.02612666666667,-56.0625,-54.8750025431315,-54.1562525431315,4.03465210090266,3.97175889839204,3.7564731238507,-79.1562576293945,-68.5811309814453
0.34226245296424,380.03,13.5249996965903,0.0629533681828792,1.16806,9.07359333333333,1.02630666666667,-48.5312538146973,-52.2500012715658,-51.2708346048991,False,False,False,526807988,57.934748,0.0768200000000001,1.16506,9.07048666666667,1.0237,47.4062538146973,48.1458346048991,44.9375038146973,526735751,46,68.124994635582,0.177189633250237,2.060132352,,9.13948666666667,,,-54.8020858764648,,526732858,24.475068462756,190.0,201.25,1450.0,1.16452,9.06991333333333,1.02316,-40.6875,-42.7812525431315,-48.0937525431315,526735755,1.25446,9.13948666666667,1.1266,-55.7187538146973,-54.8020858764648,-69.4583358764648,4.02896545851526,3.88500270123759,3.48990834562566,-76.1875076293945,-68.1816177368164
,,14.3724997181405,0.0582589293240889,1.12148,10.8590466666667,1.025375,-44.28125,-45.7083333333333,-46.3750028610229,False,False,False,545197988,72.672736,0.0593000000000001,1.11892,10.85684,1.02361,38.53125,38.4062512715658,37.0000028610229,545176008,68,86.8750736117363,0.109002724289894,1.30938496,,10.9164933333333,,,-51.3645858764648,,545171030,27.6201440848679,210.0,245.916651407878,1720.0,1.11836,10.8562133333333,1.02308,-36.6875,-38.7395858764648,-45.7500038146973,545176012,1.1935,10.9164933333333,1.10036,-53.9687538146973,-51.3645858764648,-60.4453172683716,2.55440264335648,2.21319163719896,2.31844315657172,-83.53125,-73.4378509521484
,,32.6100015046737,0.508333333333334,1.04132,11.0241533333333,1.02401333333333,-65.5000076293945,-65.5520884195964,-65.7343788146973,False,False,False,508282644,173.608928,0.01572,1.04058,11.02312,1.02328,28.03125,25.2083346048991,31.2604173024495,508282044,43,109.062500298023,0.0458953008055687,1.564104704,,,,,,,508281653,9.69250761192904,290.0,250.083333333333,780.0,1.04028,11.02278,1.02298666666667,-37.8125,-35.1354179382324,-48.5364608764648,508282048,1.04134,11.0248133333333,1.38626,-65.5937576293945,-65.9687525431315,-79.2239621480306,1.52419183261466,1.50193945772742,1.64917728660558,-90.5625076293945,-78.2290267944336
,,-29.1024999238276,0.0127379209370425,1.14946,16.06884,1.02567333333333,-48.2812538146973,-52.0208358764648,-49.1875025431315,False,False,False,660970083,35.14274,0.07324,1.14692,16.0665133333333,1.02354,54.4375038146973,53.8333358764648,54.8437525431315,527933760,94,40.0669649243355,0.0853273794054985,1.62799232,,16.14774,,,-61.4687525431315,,527930921,18.7763351086804,520.0,376.25,3300.0,1.1464,16.0659266666667,1.02306666666667,-39.96875,-56.2395846048991,-48.1770858764648,527933748,1.23316,16.14774,1.11664666666667,-56.6875038146973,-61.4687525431315,-73.156255086263,4.31992737162604,4.53318790004341,4.21588520039005,-76.0625,-72.2594604492188
0.25894692825034,286.97,70.9124980957654,0.0578124999467811,1.13266,8.68019333333333,1.02548,-51.59375,-54.1875038146973,-54.5625,False,False,False,528637332,37.64352,0.06646,1.13076,8.67834,1.0237,33.0,37.0937525431315,32.0312538146973,528632349,54,67.9017975926399,0.020487492904067,0.873730048,,,,,,,528631714,18.190937093929,210.0,191.458333333333,1150.0,1.13018,8.67776666666667,1.02316,-37.46875,-39.1145858764648,-42.34375,528632337,1.17232,8.68041333333333,1.10582,-51.7187538146973,-54.2812512715658,-58.78125,2.54356552987547,2.40470082469036,2.2747433851498,-65.53125,-59.8439636230469
,10.5200000000001,-73.9175040620488,0.0103494667805676,1.12902,20.3750066666667,1.02578,-49.1562538146973,-54.7812525431315,-50.5562515258789,False,False,False,537287090,40.538012,0.07108,1.1265,20.3724066666667,1.023568,51.4375,50.5208358764648,50.7687538146973,537273800,86,37.6562513411045,0.115316428244114,1.46476416,,,,,,,537261100,18.9189015272169,350.0,483.791676839193,2270.0,1.126,20.37186,1.023068,-41.15625,-43.1458358764648,-50.5562538146973,537273804,1.12932,20.3757333333333,1.13436,-49.4062538146973,-55.1770858764648,-72.46875,4.1904319352021,4.14495200497261,4.17699442915084,-74.40625,-70.1961898803711
0.0720287174775268,65.2,-5.69749976364609,0.326718503106183,1.07222,17.33864,1.024044,-61.0000038146973,-64.1562512715658,-64.2187530517578,False,False,False,614747573,63.738688,0.02938,1.0715,17.3379533333333,1.023392,31.5312519073486,34.0208358764648,37.1000030517578,614734206,59,45.7813255488873,0.0070163579657673,1.0926496,,,,,,,614651270,7.02576737980278,450.0,407.958333333333,939.999938964844,1.07122,17.3376533333333,1.02312,-36.03125,-38.8020846048991,-46.7875015258789,614734047,1.07224,17.3386933333333,1.044828,-61.09375,-64.2812525431315,-70.86875,1.56277848980535,1.52733827019709,1.58947165702021,-75.21875,-69.9465866088867
0.0537970240463523,277.586666666667,-7.73499927303467,0.0489648033126294,1.18492,12.5469066666667,1.025992,-55.9687538146973,-58.8125025431315,-57.2437507629395,False,False,False,539880243,51.794348,0.0802800000000001,1.18156,12.5438466666667,1.02336,48.25,48.9375012715658,43.8687522888184,539565203,69,30.1563255488873,0.0917372032999992,1.530968704,,,,,,,539563223,18.2145543156739,330.0,288.083333333333,2100.0,1.18102,12.5432933333333,1.022888,-35.15625,-38.09375,-36.2312515258789,539565207,1.18558,12.5476466666667,1.11706,-56.2500038146973,-59.2500025431315,-66.8187545776367,4.03782926493653,3.80893454083247,3.96737641720349,-71.53125,-66.5653762817383
0.0660277519201384,153.704,15.7199999545332,0.0984806629834255,1.18602,2.52877333333333,1.02656,-52.6250038146973,-53.9375012715658,-54.5937531789144,False,False,False,601972501,124.907208,0.0634400000000002,1.18232,2.52497333333333,1.02364666666667,47.3437538146973,47.2291679382324,45.7343769073486,601966650,37,172.50007390976,0.243734210729599,1.45998592,1.22852,2.57176,,-58.15625,-59.5312538146973,,601950719,37.3102155991494,50.0,37.625,710.0,1.18172,2.52437333333333,1.02310333333333,-37.40625,-39.0833333333333,-42.5625031789144,601966620,1.22852,2.57176,1.09715,-58.15625,-59.5312538146973,-64.0885467529297,3.86667566526034,3.94430119961877,3.52002371125791,-81.1875,-60.9080238342285
,9.03000000000009,11.3674998233892,0.365315450306316,1.07758,8.22321,1.02417333333333,-63.40625,-62.7604179382324,-63.1302115122477,False,False,False,488418610,199.603296,0.019925,1.076645,8.22201333333333,1.02323583333333,22.0312519073486,18.6458339691162,27.4635429382324,488418308,42,141.249969601631,0.0912025198340416,1.803288064,,,,,,,488418027,11.0165517263672,100.0,180.08332824707,550.0,1.076315,8.22162166666667,1.02293,-36.03125,-33.3958333333333,-44.7343769073486,488418296,1.077645,8.223555,1.51793833333333,-63.5625038146973,-62.9791692097982,-73.1927134195964,1.52454307267456,1.34902653514309,1.72693562769099,-88.6562576293945,-72.4567947387695
,8.61999999999985,19.1899985485522,0.0270089312901285,1.13016,24.8054333333333,1.02544,-46.2812538146973,-55.2708371480306,-49.7500022888184,False,False,False,525114704,45.814108,0.0665200000000001,1.12808,24.8033733333333,1.023628,45.0625,48.4895846048991,48.7500022888184,525051243,79,35.0000374019146,0.138969972729683,1.291480832,,,,,,,525023625,14.5505918248337,430.0,594.375,2490.0,1.12752,24.8028533333333,1.023092,-39.1875038146973,-43.1354204813639,-54.3687530517578,525051247,1.2441,24.8057,1.112244,-57.3125038146973,-55.4583371480306,-75.4000015258789,3.95446060369078,3.56929821559918,3.74670594604053,-77.28125,-73.1287231445312
0.007717595795846,22.773023255814,0.710000038362663,0.896428571428571,1.10786,1.30077333333333,1.02528,-58.8437538146973,-57.5729192097982,-58.0208371480306,False,False,False,611644378,484.371328,0.0079599999999999,1.10622,1.29906,1.02378666666667,40.7187538146973,40.5208358764648,39.6250025431315,611633925,39,381.250202655792,0.111562617123127,1.061909824,1.12318,1.3166,,-64.84375,-63.4895871480306,,611617700,18.3572652881654,10.0,6.95833333333333,110.0,1.10574,1.2985,1.02332,-47.8750038146973,-49.7395871480306,-47.7291666666667,611633970,1.12318,1.3166,1.0471,-64.84375,-63.4895871480306,-66.687505086263,2.33076048618226,2.40470560817164,2.23733950139323,-100.59375,-64.5157852172852
0.153687863284668,110.32,33.587497366705,0.143875,1.15444,2.66772666666667,1.02526666666667,-56.15625,-58.0104179382324,-55.9270846048991,False,False,False,500861836,79.25676,0.06596,1.15244,2.66566,1.02352666666667,45.5000038146973,48.7916704813639,45.4687525431315,500861306,31,123.125039041042,0.0577880628407001,1.389192192,,,,,,,489315717,46.8152545872925,50.0,41.125,489.999969482422,1.15196,2.66521333333333,1.02310666666667,-40.53125,-41.4583371480306,-45.3750038146973,500861310,1.15456,2.66801333333333,1.36024666666667,-56.2812538146973,-58.2395858764648,-60.5312538146973,3.86970109034397,4.24431714660007,3.9914521011606,-74.4687576293945,-60.325080871582
0.379104705837379,261.59,43.3450011994019,0.0765129682997118,1.17618,9.75285333333333,1.02512,-52.4687538146973,-52.3020858764648,-52.3437538146973,False,False,False,529932483,67.757816,0.07352,1.1739,9.75044666666667,1.023312,47.21875,47.2395858764648,46.8500015258789,529860143,40,96.0937887430191,0.204007729887962,1.534656128,,9.78726,,,-55.1250038146973,,529856350,28.5347184700884,130.0,218.25,1650.0,1.17348,9.75001333333334,1.022928,-38.625,-39.4791679382324,-46.2625030517578,529860147,1.2397,9.78726,1.142028,-59.34375,-55.1250038146973,-72.1125015258789,4.26997615199801,4.14214161961496,4.26167906088223,-82.0625076293945,-71.2485656738281
0.0732240985030477,61.476,-63.1350041691014,0.283797909407666,1.13008,3.82354,1.02490666666667,-46.6875038146973,-49.7500019073486,-48.5625025431315,False,False,False,542150687,234.6812,0.0375800000000002,1.12844,3.82173,1.02348,21.7500019073486,36.515625,26.4375012715658,542145850,47,237.500190734863,0.0553101375699043,1.848702976,,,,,,,542143598,28.7207371426116,50.0,70.0625,520.0,1.12784,3.82117,1.02298,-37.875,-39.5625,-38.3645858764648,542145832,1.1301,3.82364,1.02499333333333,-46.7812538146973,-49.8281269073486,-48.6458358764648,2.29278125347082,2.56364107703403,2.25299568719566,-100.562507629395,-71.6849517822266
,108.56,21.4249989277659,0.0767857127286937,1.14924,7.41621333333333,1.02546,-47.1875038146973,-51.4791666666667,-49.9375030517578,False,False,False,508284044,112.955824,0.0706,1.14702,7.41404,1.023728,43.0625,43.5208346048991,44.5687538146973,508283163,69,111.718788743019,0.116558521986008,1.115120256,,,,,,,508282493,28.1430072488988,190.0,159.833333333333,1650.0,1.14644,7.41341333333333,1.02312,-33.1562538146973,-35.2083333333333,-46.1125022888184,508283168,1.21718,7.46929333333333,1.244032,-49.4062538146973,-51.9895858764648,-73.6125061035156,3.20023676836465,3.0414806850988,2.97960109626807,-85.9687576293945,-73.3311538696289
0.0754890672653059,110.945,-15.827499033616,0.137433864197789,1.2224,8.40189333333334,1.025036,-47.4062538146973,-51.7291692097982,-51.5875030517578,False,False,False,531543590,97.87244,0.0552000000000001,1.2205,8.40025333333333,1.02356,44.4687538146973,44.3020846048991,43.5250030517578,531533030,55,99.8437479138374,0.122265368700027,1.320316672,,8.44996,,,-55.9895858764648,,531526539,17.8476988073413,170.0,184.458333333333,1160.0,1.21992,8.39969333333333,1.023052,-39.625,-43.8333346048991,-47.9562515258789,531533014,1.2691,8.44996,1.14186,-53.28125,-55.9895858764648,-77.0062515258789,2.88586014230285,2.79585166992196,2.81933997978136,-87.15625,-75.8455657958984
,248.36,18.4300005812155,0.0718128682400153,1.28348,5.77421333333333,1.026304,-50.0,-48.7083346048991,-53.0750015258789,False,False,False,616672249,117.16936,0.0931400000000002,1.28138,5.77219333333333,1.02454,42.0,44.3750012715658,42.8937530517578,616666656,51,124.218940734863,0.029933275654912,1.870672384,,5.82392666666667,,,-50.1354192097982,,616647103,36.3162163557091,130.0,118.749994913737,1730.0,1.28078,5.77158,1.024,-35.15625,-35.1458358764648,-42.1687515258789,616666660,1.32954,5.82392666666667,1.810196,-54.15625,-50.1354192097982,-70.93125,2.73192781069483,2.71804746344547,2.72207946707052,-84.6875,-70.2807083129883
0.464052324350098,232.546666666667,-9.2674999618847,0.0913009404388715,1.1497,8.87020666666667,1.02583,-47.5000038146973,-46.7708358764648,-46.1484394073486,False,False,False,571682271,55.91976,0.0738000000000001,1.1476,8.86720666666667,1.023705,47.4062538146973,47.4375025431315,41.4765644073486,571669483,43,100.781209766865,0.0870004445314407,1.619504256,,8.95517333333333,,,-50.5520871480306,,571666289,36.2513941753101,140.0,196.166666666667,1650.0,1.14708,8.86664,1.023185,-39.40625,-39.2916692097982,-41.3515625,571669520,1.34826,8.95517333333333,1.026055,-54.0937538146973,-50.5520871480306,-46.2656288146973,4.02599479088843,4.42245656867,3.87864961119993,-92.59375,-70.2632675170898
0.002126923158072,20.0212244897959,12.2124992410488,0.672897194035803,1.0669,1.44332,1.02488666666667,-61.3125038146973,-60.3541692097982,-61.1354192097982,False,False,False,595599571,598.925248,0.0066000000000001,1.06566,1.442,1.02370666666667,47.125,46.8229192097982,45.3437512715658,595578592,35,467.031270265579,0.43860051035881,1.389330304,,,,,,,595568262,13.8968721649436,20.0,10.5416666666667,130.0,1.06528,1.44158666666667,1.02335333333333,-41.3125,-42.1666666666667,-43.0416692097982,595578485,1.0672,1.44359333333333,1.03783333333333,-61.4062538146973,-60.5208371480306,-63.3333371480306,2.33216139895114,2.49698616793333,2.30508469650531,-102.687507629395,-59.8656425476074
0.0083275911704072,83.3,-81.47249541679,0.138671274961598,1.3324,4.17768666666667,1.025596,-52.25,-53.4270858764648,-62.3375022888184,False,False,False,508312811,126.59832,0.16684,1.32948,4.17474,1.02346,44.28125,44.8854179382324,41.4625007629395,508310288,31,185.625031590462,0.250446796417236,2.455868672,1.35152,4.20916666666667,,-53.6562538146973,-54.4479192097982,,508309649,34.7275605751781,90.0,78.8333333333333,999.999938964844,1.32892,4.17417333333333,1.022988,-37.6875038146973,-39.0000025431315,-46.4750022888184,508310295,1.35152,4.20916666666667,1.479896,-53.6562538146973,-54.4479192097982,-74.2312561035156,3.85443053655266,3.85834576305038,2.88031365856172,-94.1875076293945,-73.5336761474609
0.672905783214764,380.93,16.9200001232106,0.0830498480196219,1.14074,8.27737333333334,1.0256,-49.1875038146973,-53.4895858764648,-54.0687522888184,False,False,False,541614854,84.811792,0.0619000000000001,1.13812,8.27502666666667,1.023712,48.0,47.0000025431315,47.8812515258789,539680075,78,118.906132876873,0.119263932108879,1.234202752,,8.32174666666667,,,-56.1145858764648,,539653924,32.0575014790195,170.0,181.375,1360.0,1.13758,8.27446666666667,1.0232,-39.0312538146973,-41.0312512715658,-49.0437522888184,539680057,1.2064,8.32174666666667,1.174996,-52.2812538146973,-56.1145858764648,-71.8687530517578,3.62935063981657,3.74515365876489,3.82818904555366,-84.28125,-71.6833267211914
0.0004749624316502,17.9874074074074,-49.764997678281,0.93637028282676,1.16804,1.69455333333333,1.02557,-63.2812538146973,-60.9375038146973,-63.9375009536743,False,False,False,643589136,1099.83424,0.0143800000000001,1.16556,1.69216666666667,1.02359,7.56250047683716,6.62500047683716,14.7734382152557,643587454,34,411.607265472412,0.162205696105957,1.509389056,1.16908,1.69568666666667,,-63.7812538146973,-61.6562512715658,,643572206,16.1295703309974,20.0,16.7916663487752,140.0,1.16502,1.69157333333333,1.02315,-35.90625,-36.5000038146973,-45.3750009536743,643587360,1.16908,1.69568666666667,1.02883,-63.7812538146973,-61.6562512715658,-65.6093788146973,1.12713059948625,1.0198304812987,1.65388832618191,-94.1875076293945,-62.5226669311523
0.0245312431528718,74.9983333333333,4.62999950878729,0.248538958003839,1.21212,2.32016,1.02524333333333,-59.4687538146973,-56.1458358764648,-56.7708358764648,False,False,False,529953454,295.831296,0.0384800000000001,1.2097,2.31781333333333,1.02351666666667,39.96875,38.0520846048991,39.2760442097982,529889380,37,269.374996423721,0.143553972244263,1.191188992,,2.33513333333333,,,-57.5312538146973,,529884137,29.0940533772921,30.0,32.2916653951009,450.0,1.20914,2.31724666666667,1.02305,-37.15625,-37.8750025431315,-44.8802108764648,529889364,1.2274,2.33513333333333,1.19378333333333,-60.53125,-57.5312538146973,-64.3229211171468,2.56272786610824,2.67840679009121,2.63623000144146,-85.40625,-64.6975402832031
0.966637540710144,377.67,-46.5225011292425,0.0499999989782026,1.14848,29.80918,1.024936,-46.5625038146973,-52.8854192097982,-50.1625030517578,False,False,False,526732470,31.590472,0.08064,1.14644,29.8071933333333,1.02312,45.46875,45.5000012715658,40.3187522888184,526719059,77,25.3125000745058,0.107115969061852,1.734332928,,,,,,,526714785,16.2796466401683,450.0,719.666646321615,3210.0,1.1459,29.8066333333333,1.022616,-39.1875038146973,-42.3229192097982,-50.5250038146973,526719063,1.28704,29.80936,1.116176,-53.0937538146973,-53.0104192097982,-72.425,2.88358513659378,2.69547726216296,2.93442779873696,-75.5000076293945,-71.1404037475586
,,50.2699999682665,0.0382352958336004,1.1494,7.5125,1.025204,-55.7187538146973,-57.2500025431315,-55.8625038146973,False,False,False,530184066,94.614344,0.06704,1.1473,7.51046666666667,1.02362,42.9375038146973,43.0520846048991,44.0875015258789,530061376,51,127.499878406525,0.120231047272682,1.36882368,,7.52649333333333,,,-58.6770858764648,,530058283,29.5227451800749,150.0,162.25,1550.0,1.1468,7.50997333333333,1.023176,-38.4062538146973,-38.875,-44.0750030517578,530061380,1.16704,7.52649333333333,1.441916,-57.6875038146973,-58.6770858764648,-71.1562530517578,3.63858883055352,3.33852001389472,3.47355227435315,-84.0937576293945,-70.2657928466797
0.0214478416786798,66.7071428571429,20.5799995101064,0.292592592592593,1.13258,2.54504666666667,1.024704,-51.375,-52.3541704813639,-54.8812530517578,False,False,False,613530361,266.042336,0.0320800000000001,1.13074,2.54318666666667,1.023464,45.71875,48.6145846048991,45.8187515258789,613506962,45,240.625187754631,0.17760793864727,1.326823552,1.14314,2.55833333333333,,-52.96875,-55.3229204813639,,613432942,13.4988883634726,50.0,38.0416666666667,420.0,1.13024,2.54271333333333,1.02306,-35.25,-36.7291679382324,-36.6875030517578,613507380,1.14314,2.55833333333333,1.67016,-52.96875,-55.3229204813639,-61.8250030517578,3.50142836949467,3.78654907333739,2.89572610653437,-85.4687576293945,-61.5076713562012
,,28.7399982284997,0.0249999918256505,1.11024,10.9163466666667,1.025496,-54.9375038146973,-57.1666704813639,-58.6937515258789,False,False,False,637056550,88.4942,0.05758,1.1077,10.9142266666667,1.023428,43.3437538146973,51.0520846048991,46.1000022888184,637053492,62,61.7186725139618,0.0404780507087708,2.723503616,,,,,,,637034000,12.75384148338,470.0,247.333338419596,1700.0,1.10714,10.9137466666667,1.02294,-40.2500038146973,-40.9270858764648,-49.8500030517578,637053281,1.11052,10.9357666666667,1.253336,-55.1562538146973,-57.4791692097982,-77.8000045776367,3.33849793707664,3.64352823454771,3.43372790328671,-86.1562576293945,-78.1834945678711
0.0343700669974722,53.2341176470588,-65.3400042405217,0.23125,1.09984,3.51582666666667,1.02495,-49.1875038146973,-50.8854192097982,-52.1406269073486,False,False,False,500861768,206.588976,0.0316400000000001,1.098,3.51378666666667,1.02356,44.0000038146973,44.9270846048991,44.8593788146973,500861167,27,235.937610268593,0.114412367343903,1.563847424,,3.53664,,,-51.8229192097982,,489308885,21.8468212600082,70.0,62.3333320617676,380.0,1.09756,3.51329333333333,1.02316,-35.6250038146973,-39.2916666666667,-45.4062538146973,500861171,1.09984,3.53664,1.19076,-49.1875038146973,-51.8229192097982,-68.671875,3.76342246579714,4.09470529094805,3.27958020012936,-96.3125076293945,-69.0038452148438
0.0636051912661802,62.6586666666667,9.75250002283046,0.249999986588956,1.13722,1.90135333333333,1.02567,-50.40625,-51.3020858764648,-50.7187519073486,False,False,False,528674387,332.207968,0.03576,1.13462,1.89829333333333,1.02333,46.4687538146973,45.6770858764648,46.0625038146973,528672331,34,342.656195163727,0.0575446039438248,1.078763904,,,,,,,528671590,39.4141525093231,30.0,21.875,450.0,1.13406,1.89768666666667,1.02284,-39.5937538146973,-37.9166679382324,-42.8281288146973,528672315,1.13744,1.9145,1.02592,-50.5312538146973,-51.9270858764648,-50.9218788146973,4.10045418616107,4.0995698701382,4.10773350140127,-98.7812576293945,-65.8174209594727
,6.78000000000001,-71.2099962330015,0.0122827857874206,1.20342,19.3173533333333,1.02508666666667,-47.0312538146973,-50.0416666666667,-49.6770846048991,False,False,False,520513403,40.656588,0.08142,1.20132,19.3151,1.02354333333333,42.8125038146973,43.0729192097982,43.1562519073486,520475655,72,50.4687875509262,0.279480963945389,1.449954432,,19.36998,,,-52.7500025431315,,520470657,27.1208504082228,220.0,457.333333333333,2710.0,1.2008,19.31454,1.02306333333333,-36.9687538146973,-37.5000012715658,-49.5625038146973,520475630,1.35672,19.36998,1.02514,-60.0937538146973,-52.7500025431315,-49.7447929382324,3.21151213408897,3.16337301766094,3.12204976226339,-76.875,-71.5956039428711
,7.81999999999994,-45.9025005505875,0.009090909090909,1.13338,8.35601333333333,1.02529,-44.59375,-45.5000025431315,-46.2421894073486,False,False,False,520639530,72.69504,0.0646600000000002,1.13092,8.35328,1.023365,46.40625,49.6875038146973,48.4140663146973,520637374,46,110.937498509884,0.165707632899284,1.651843456,,8.42594,,,-47.5520846048991,,520636424,34.5304748790898,140.0,183.333333333333,1400.0,1.1304,8.35272666666667,1.02289,-34.9687538146973,-32.0000012715658,-41.2421913146973,520637364,1.13344,8.42594,1.025355,-44.65625,-47.5520846048991,-46.2890634536743,3.96822636931375,3.78477513638447,3.8244877896739,-77.6875,-65.5585556030273
,17.22,14.2324997273735,0.0343085129868665,1.31444,10.0179133333333,1.025904,-50.1875038146973,-52.4479204813639,-49.7875015258789,False,False,False,527944460,75.62576,0.10212,1.31122,10.01444,1.023616,43.4375038146973,40.03125,39.1125015258789,527942174,53,88.1250351667404,0.169043228030205,2.674883072,,10.1311666666667,,,-54.0208358764648,,527941296,32.48537052388,130.0,224.791666666667,1850.0,1.31066,10.0138133333333,1.02308,-39.40625,-42.5625038146973,-49.0875022888184,527942178,1.45292,10.1311666666667,1.026068,-61.6875038146973,-54.0208358764648,-49.9312515258789,4.23428620526422,3.80576340010903,3.80911918537505,-84.0937576293945,-73.5933227539062
0.187288525642607,114.443125,22.9418740949061,0.153409095576751,1.10061,8.60683,1.02507,-55.0000038146973,-56.0520871480306,-54.2937538146973,False,False,False,486943542,100.676096,0.0486250000000001,1.09896,8.60489166666667,1.023583,37.90625,41.0000012715658,37.6812515258789,486941684,37,87.031252682209,0.154391676187515,2.412051712,,,,,,,486940963,19.4184384183038,150.0,189.625005086263,1130.0,1.098535,8.60443166666667,1.023151,-46.75,-42.9583333333333,-53.1312522888184,486941688,1.100725,8.62086166666667,1.141242,-55.0625038146973,-56.3125038146973,-78.0562530517578,3.78829075619421,3.65121341119074,3.31234537095944,-86.9687576293945,-77.4062957763672
0.0483233671513904,107.275,-22.9750021091268,0.152610684735688,1.15478,3.9615,1.025584,-55.0000038146973,-53.9687538146973,-55.6125015258789,False,False,False,537335993,69.033352,0.03728,1.15256,3.95934666666667,1.02342,41.4375038146973,40.8541692097982,40.9687530517578,537318932,27,82.5000777840614,0.0237150564789772,1.318232576,1.18672,3.99158666666667,,-57.0000038146973,-56.1354204813639,,537313158,22.3066398239277,50.0,73.4583333333333,479.999969482422,1.15206,3.95881333333333,1.022936,-45.2812538146973,-45.9895846048991,-49.2187530517578,537318936,1.18672,3.99158666666667,1.218352,-57.0000038146973,-56.1354204813639,-60.5375022888184,3.41899014605193,3.30254070710327,3.49698516941366,-69.28125,-59.723316192627
,869.92,-33.2699978677908,0.042542372881356,1.26982,14.31978,1.025828,-48.2187538146973,-52.0520858764648,-50.9000038146973,False,False,False,528084412,48.432036,0.1281,1.2668,14.3168933333333,1.023488,53.2187538146973,53.5416704813639,52.8125022888184,528039436,68,60.7812106609344,0.0734377652406693,1.55744896,,14.4195533333333,,,-53.0416692097982,,528038990,27.6114739264529,290.0,332.291666666667,3050.0,1.26636,14.3164333333333,1.023048,-37.7812538146973,-40.5729192097982,-50.8875022888184,528039440,1.4176,14.4195533333333,1.534108,-56.78125,-53.0416692097982,-76.0312530517578,5.0118310779379,5.05640684794496,5.27463826625828,-81.9687576293945,-75.2022094726562
0.42735949098621,9.43000000000005,-26.1325006772894,0.0133928571428571,1.10672,7.53955333333333,1.02495333333333,-45.8125038146973,-43.1770846048991,-45.0937512715658,False,False,False,545236895,145.755808,0.0398000000000001,1.10484,7.53689333333333,1.02337666666667,43.71875,38.1666679382324,44.6458339691162,545218188,51,138.750031590462,0.201499417424202,1.071749888,,7.55883333333334,,,-48.1354204813639,,545216846,22.8478898213052,90.0,162.916666666667,949.999938964844,1.10434,7.53622,1.02292333333333,-38.84375,-28.1979185740153,-43.6197935740153,545218168,1.10678,7.55883333333334,1.02499333333333,-45.8437538146973,-48.1354204813639,-45.1406281789144,3.70642265330216,2.70910027758467,3.92899538996553,-85.09375,-69.3366622924805
0.197757989793041,212.235,24.2075005874032,0.0918039895923677,1.11598,6.82808,1.02651,-50.1875038146973,-54.7187538146973,-53.4062538146973,False,False,False,657522398,111.94284,0.0535800000000002,1.11374,6.82594,1.02464,50.6875038146973,49.8229192097982,49.2812519073486,587815762,58,105.781324207783,0.0966303646564484,1.768108032,,,,,,,587762000,19.3745128188219,170.0,145.125,1130.0,1.1132,6.8254,1.02412,-37.40625,-40.4687525431315,-44.5468788146973,587815476,1.11616,6.84546666666667,1.14322,-50.25,-54.8958346048991,-71.09375,3.60660033599484,3.51941146209888,3.36827591358811,-82.0312576293945,-70.6102676391602
,,28.857499723145,0.0155952391592012,1.16304,10.4369466666667,1.02685333333333,-53.9687538146973,-48.3020871480306,-53.5729192097982,False,False,False,528638513,107.346864,0.0715000000000001,1.1573,10.4328666666667,1.02366666666667,37.25,33.9270846048991,37.1458333333333,528637684,43,112.65617609024,0.124615184962749,1.247851648,,10.45404,,,-53.5833358764648,,528637071,25.5478572540669,150.0,235.291666666667,1310.0,1.15654,10.432,1.02303333333333,-35.6875038146973,-33.4375012715658,-48.1041692097982,528637688,1.19118,10.45404,1.14123333333333,-58.4062538146973,-53.5833358764648,-71.0520858764648,3.87584365254086,3.50091433889291,3.65430478270188,-81.59375,-70.3089981079102
0.181936073280258,113.58,18.3349984500536,0.266617435295,1.14904,3.09343,1.037052,-65.53125,-66.7343788146973,-65.5437530517578,False,False,False,611644328,235.850144,0.0320400000000001,1.1481,3.09247,1.03616,35.8125,37.6875038146973,37.2250015258789,611632717,39,160.937458276749,0.111390605568886,1.51092032,,,,,,,611623402,17.6962064261106,40.0,51.8125,440.0,1.14772,3.0921,1.03582,-43.9062538146973,-42.2343788146973,-44.0125022888184,611632562,1.14914,3.0935,1.717452,-65.65625,-66.8593788146973,-70.6750045776367,1.98580516401976,1.95847907864994,1.99490994897802,-89.09375,-70.0174179077148
0.0259869974224615,28.2064705882353,54.9600018273644,0.405180481283422,1.06384,3.39681333333333,1.02455333333333,-52.4375038146973,-54.9791666666667,-51.8854198455811,False,False,False,595599646,383.577888,0.01858,1.0628,3.39559333333333,1.02350666666667,37.15625,36.5937512715658,36.2239589691162,595579116,31,265.468746423721,0.264121890068054,1.183141248,,3.41767333333333,,,-55.0729192097982,,595562635,17.6756011455545,50.0,59.3749987284342,400.0,1.06236,3.39515333333333,1.02308,-44.5,-43.3645846048991,-48.0781288146973,595579112,1.06388,3.40438,1.13259333333333,-52.4687538146973,-55.2395871480306,-68.8229192097982,2.40704617522744,2.46063153084678,2.39339530145263,-90.5625076293945,-70.495246887207
0.0716248789439064,55.7625,-52.4374987875831,0.266759645055189,1.26004,4.27060666666667,1.02506,-51.4062538146973,-51.5416679382324,-50.3062530517578,False,False,False,541543049,131.941832,0.0447600000000001,1.25824,4.26869333333333,1.023612,42.3750038146973,42.3229166666667,40.24375,541540870,52,147.142961621284,0.113969534635544,1.308637952,,4.29716,,,-52.3125025431315,,541540615,15.7727870560393,40.0,81.1666666666667,620.0,1.25766,4.26809333333333,1.02302,-42.59375,-43.9479192097982,-49.0750022888184,541540850,1.37966,4.29716,1.304032,-54.0312538146973,-52.3125025431315,-71.3812530517578,3.41170910581928,3.65121920374429,2.98006904678998,-84.8125076293945,-70.5411834716797
0.203447573184326,162.208,-41.9650009186867,0.126170553156685,1.09402,12.40334,1.02543428571429,-52.5312538146973,-55.2291704813639,-56.0580389840262,False,False,False,569126267,77.404288,0.0474000000000001,1.0923,12.4012666666667,1.02374285714286,40.5625038146973,37.75,38.7455368041992,569109936,55,67.3437863588333,0.186294391751289,2.284742656,,,,,,,569101823,16.4605316387664,250.0,284.5,1360.0,1.09168,12.4005933333333,1.02316,-40.34375,-42.7500025431315,-46.6473236083984,569109941,1.09406,12.4035133333333,1.11333142857143,-52.5625,-55.3125038146973,-73.8258972167969,2.60940083942227,2.44550302196694,2.45774638887753,-80.5625,-72.4046401977539
0.0022993310134938,42.4365217391304,32.0650034302261,0.269957289982678,1.06238,1.95143333333333,1.024688,-55.59375,-52.0208358764648,-55.4687522888184,False,False,False,596059487,391.444032,0.00922,1.06094,1.94974,1.023356,45.5937538146973,45.9895846048991,44.7875,596053811,37,359.687656164169,0.490941017866135,1.107142784,1.07656,1.96932,,-59.09375,-56.5833358764648,,596049209,19.3225660036044,20.0,23.25,160.0,1.06052,1.94926,1.022956,-45.2500038146973,-44.2812512715658,-46.6812515258789,596053769,1.07656,1.96932,1.048904,-59.09375,-56.5833358764648,-62.6125015258789,3.13816525716283,3.23845564143813,2.89068636512902,-99.7187576293945,-60.6698036193848
,,2.74499997385269,0.0174390731122653,1.16182,10.6391266666667,1.026016,-53.5000038146973,-56.2500038146973,-56.4000030517578,False,False,False,528630176,81.411296,0.0575400000000001,1.15922,10.6367533333333,1.023668,45.9687538146973,45.8645833333333,46.4562515258789,528627379,54,78.125,0.107697397470474,1.475666048,,10.67178,,,-57.3437525431315,,528625591,15.4487960507178,270.0,240.416666666667,1720.0,1.1586,10.6361533333333,1.023076,-40.0625038146973,-42.6458333333333,-47.2687530517578,528627383,1.19878,10.67178,1.11696,-55.28125,-57.3437525431315,-74.8687530517578,3.42316683248153,3.31531023314818,3.39074092985291,-82.5625076293945,-73.6455459594727
0.0174196126198156,78.6345454545455,-14.0499998788068,0.154965749791833,1.32282,6.66663,1.025256,-55.9375038146973,-55.2500019073486,-56.5250030517578,False,False,False,571672098,102.322696,0.0852600000000001,1.32114,6.66488,1.023528,51.3125038146973,51.1875019073486,50.5875007629395,571661391,70,123.928584158421,0.0313551649451256,1.728045696,,,,,,,571654895,31.1891942786283,120.0,141.125,1080.0,1.32062,6.66435,1.023024,-41.5312538146973,-44.5156269073486,-46.7125030517578,571661369,1.32292,6.66678,1.605912,-56.0312538146973,-55.4062519073486,-75.7562515258789,2.86550373312947,3.11246262426753,3.07148191052783,-96.90625,-75.3503189086914
0.0086688415612553,42.6490909090909,4.01499970423269,0.302578133829216,1.21616,2.13389333333333,1.02512,-52.875,-54.8645858764648,-56.5078153610229,False,False,False,611940196,371.880672,0.0344200000000001,1.21392,2.13166666666667,1.023475,43.0625,44.9791679382324,41.6640634536743,611914340,43,388.125002384186,0.0574583970010281,1.4614016,1.2293,,,-53.75,,,611764247,34.9006651740145,40.0,27.7916666666667,280.0,1.21334,2.1311,1.02301,-38.9375,-41.2187525431315,-44.0625019073486,611914367,1.2293,2.13425333333333,1.66005,-53.75,-55.1145871480306,-65.0703144073486,3.17546644032031,3.43569175569924,3.02092479446175,-101.093757629395,-64.4490432739258
0.0668020057059301,158.88,17.9924981164037,0.149895115373089,1.26204,4.48923333333333,1.02546,-48.09375,-49.8854204813639,-51.6770846048991,False,False,False,530128986,127.111856,0.06616,1.25848,4.48646666666667,1.02355333333333,42.4375,42.2291679382324,41.4687525431315,530024468,45,234.531134366989,0.0962133482098579,1.344557696,,4.52731333333333,,,-52.8020858764648,,530022494,44.6914435128762,70.0,86.6666666666667,1060.0,1.25784,4.48584666666667,1.023,-36.6875,-38.8541692097982,-44.7291666666667,530024474,1.31656,4.52731333333333,1.32327333333333,-56.5312538146973,-52.8020858764648,-70.6250025431315,3.70280901313732,3.77210233240224,3.41008031630027,-92.5,-70.5884323120117
0.0603450526755773,56.7341176470588,-32.4650029082107,0.365625,1.07248,3.66342,1.02464,-54.6875038146973,-55.4479204813639,-54.3750038146973,False,False,False,643638324,344.739616,0.0230400000000002,1.07122,3.66186,1.02348,34.0312538146973,32.6458358764648,35.5,643632267,30,288.281142711639,0.0868158265948296,1.488971136,,,,,,,643625553,22.7999613337254,50.0,66.0416666666667,410.0,1.07084,3.6614,1.02312,-37.96875,-35.7187512715658,-41.5312538146973,643632263,1.07254,3.6636,1.0247,-54.71875,-55.5937538146973,-54.5000038146973,2.63294837281584,2.43524507289819,2.636812107873,-101.9375,-73.2619552612305
0.0237174206115873,41.7469565217391,-36.6124977557725,0.574999974250794,1.16808,1.84987333333333,1.024992,-59.2187538146973,-59.9270871480306,-59.6000022888184,False,False,False,567766608,711.809664,0.0163200000000001,1.16582,1.84782,1.023488,30.75,38.4687525431315,31.1250007629395,567764966,32,526.406288146973,0.0957986637949944,1.884364288,1.17188,1.85574,,-60.7187538146973,-62.0312538146973,,567764060,27.6096676669316,30.0,20.6666666666667,270.0,1.1653,1.84734666666667,1.023088,-38.7187538146973,-40.03125,-41.2062530517578,567764984,1.17188,1.85574,1.563264,-60.7187538146973,-62.0312538146973,-64.5875038146973,3.1690404860599,3.31745066588517,2.74258303051995,-103.500007629395,-63.2469062805176
0.0579140007366778,94.12,16.5824992626185,0.183613237626692,1.09004,4.89278666666667,1.02536666666667,-50.09375,-51.1145858764648,-52.5937525431315,False,False,False,567742708,124.701896,0.0259800000000001,1.08796,4.89076,1.02351111111111,38.5000038146973,42.6250038146973,43.3472243414985,567740715,48,134.84363257885,0.375830888748169,3.898715904,,4.92753333333333,,,-56.2083371480306,,567738879,19.9993157372822,70.0,96.7499974568685,530.0,1.08742,4.89026,1.02305333333333,-41.3125,-44.8541692097982,-46.1388905843099,567740684,1.12734,4.92753333333333,1.08542,-54.5937538146973,-56.2083371480306,-64.6527811686198,2.977482967,3.49556671283755,3.35251832637838,-77.59375,-62.8790626525879
0.0214086891876433,60.736,-21.6425002919074,0.234293677485656,1.1889,1.98818666666667,1.02576,-52.2812538146973,-50.5937525431315,-53.28125,False,False,False,567778891,325.284704,0.0273600000000001,1.18566,1.98502666666667,1.02349,40.6875,41.5520858764648,41.8437519073486,567777194,41,376.322120428085,0.125462770462036,1.137630592,1.20192,2.00651333333333,,-55.59375,-54.4270871480306,,567776248,42.3265429509794,30.0,24.125,420.0,1.185,1.98441333333333,1.02298,-33.3125038146973,-34.5416666666667,-40.0312519073486,567777178,1.20192,2.00651333333333,1.49343,-55.59375,-54.4270871480306,-61.6562538146973,3.10724068195182,3.44755800508656,3.31453683106023,-94.4687576293945,-59.6191024780273
-0.0407499896053873,101.853333333333,-5.34999952325754,0.31699666747029,1.08874,7.56933333333333,1.024048,-62.0,-63.8125012715658,-63.8062530517578,False,False,False,528746581,113.856928,0.0293600000000001,1.08808,7.56864666666667,1.023364,16.5,17.0104173024495,14.4125007629395,528738529,38,90.7811746001244,0.0687544196844101,1.411401216,,,,,,,528734156,16.6766860354207,190.0,163.70832824707,680.0,1.08778,7.56834,1.023084,-40.1875,-42.9895858764648,-48.9250007629395,528738534,1.0888,7.56937333333333,1.161928,-62.0937538146973,-63.9166679382324,-71.4812530517578,1.32480720493975,1.36197493513472,1.43366336362453,-81.0312576293945,-70.4495162963867
0.0554349222799711,202.705,6.8875001188462,0.0794642852155524,1.19112,10.5614133333333,1.02587333333333,-49.0000038146973,-50.2187525431315,-49.6979192097982,False,False,False,537228404,56.575244,0.0935600000000001,1.18876,10.5586533333333,1.02376666666667,42.90625,42.9687525431315,37.2083333333333,537199417,49,47.3436340689659,0.0668264478445053,1.238847616,1.27226,10.6265066666667,,-53.0000038146973,-52.4687525431315,,537182609,22.2666840996393,210.0,238.416661580404,1690.0,1.18818,10.5580266666667,1.02316,-40.1875,-39.9166679382324,-47.8437512715658,537199421,1.27226,10.6265066666667,1.1814,-53.0000038146973,-52.4687525431315,-72.7708358764648,3.61916611293292,3.5558629557432,3.28482922067899,-79.0937576293945,-72.3185424804688
,,0.139999963661916,0.040348102086401,1.13476,9.24170666666667,1.025552,-56.46875,-58.7187538146973,-57.1625007629395,False,False,False,517685914,64.426744,0.0584200000000001,1.13248,9.23948666666667,1.02358,39.5937538146973,40.6145858764648,37.9437507629395,517680368,43,73.2812881469727,0.293301522731781,1.561042816,,9.27775333333333,,,-61.2604192097982,,517673954,21.3081961269091,170.0,205.5,1650.0,1.13198,9.23896666666667,1.023116,-42.34375,-43.9583346048991,-48.6187522888184,517680372,1.17482,9.27775333333333,1.10278,-61.65625,-61.2604192097982,-71.60625,3.30112634134064,3.06288962562404,3.03141240204009,-78.4375076293945,-70.1478958129883
,6.92000000000004,4.42249969284658,0.0338111360572044,1.127,21.4560133333333,1.02540857142857,-53.03125,-57.1041692097982,-53.2455384390695,False,False,False,539879570,38.681488,0.05592,1.12518,21.4539733333333,1.02369428571429,46.8437538146973,47.2916704813639,43.062502179827,539559134,82,27.4999998509884,0.209774076938629,1.28797952,,,,,,,539556162,16.6567428764864,400.0,510.833333333333,2320.0,1.12466,21.4534466666667,1.02317714285714,-44.3750038146973,-46.0208333333333,-48.0758950369699,539559122,1.20716,21.4562466666667,1.11290857142857,-59.3750038146973,-57.3125038146973,-74.2544653756278,3.4180748628917,3.42909332904759,3.22479417705861,-76.3125076293945,-72.5386428833008
0.0673714050726458,61.2453333333333,-40.627497893686,0.271875,1.11492,4.30127333333333,1.02566,-54.3750038146973,-55.0520871480306,-54.7500007629395,False,False,False,541550548,138.992288,0.0354400000000001,1.11298,4.29902666666667,1.0236,45.1875038146973,44.7395858764648,44.9250022888184,541548876,46,137.343749403954,0.050502821803093,1.188947968,,,,,,,541548139,15.1874666609641,70.0,81.9583333333333,520.0,1.11242,4.29844666666667,1.023084,-46.1562538146973,-49.1666679382324,-48.9562530517578,541548856,1.11526,4.34624666666667,1.274576,-54.6875038146973,-55.5312525431315,-70.4062515258789,3.27889477490155,3.55377976547775,3.51085692251578,-84.875,-69.3023071289062
0.0172367694112803,22.1931818181818,-1.48249988674021,0.974646643109541,1.0609,3.37658666666667,1.023965,-70.59375,-69.5208358764648,-70.0390663146973,False,False,False,611644592,326.54576,0.01492,1.06024,3.37586,1.023295,32.0,29.6562512715658,31.8359384536743,611634936,30,153.437569737434,0.139668866991997,1.406441728,,,,,,,611592806,9.85098089827769,50.0,58.8749987284342,300.0,1.05994,3.37553333333333,1.02301,-47.2500038146973,-44.0208358764648,-49.9843769073486,611634928,1.06094,3.37662666666667,1.608075,-70.71875,-69.593755086263,-70.9140625,1.40615496316621,1.42491782244848,1.5060433007904,-88.78125,-69.8545989990234
0.0695853972206355,121.985714285714,16.5624996356639,0.127866777138493,1.22962,8.81256,1.025715,-52.96875,-53.7083371480306,-54.2109403610229,False,False,False,528621710,64.463692,0.0584200000000001,1.22728,8.81057333333333,1.02371,38.375,39.9062525431315,40.0078134536743,528618009,51,80.937422811985,0.0954768434166908,1.12970816,,8.85505333333334,,,-54.3854192097982,,528617195,18.3767839628908,120.0,194.75,1100.0,1.22662,8.80991333333333,1.02311,-41.9062538146973,-44.9479192097982,-50.0859384536743,528617997,1.2785,8.85505333333334,1.15977,-56.0,-54.3854192097982,-72.1250019073486,2.82269538323846,2.8746389182282,2.99467729042112,-80.7187576293945,-71.4620742797852
0.158642825137118,232.426666666667,-57.662499775013,0.0978743843175978,1.12712,9.13378666666667,1.025588,-51.7187538146973,-54.8645871480306,-54.0437522888184,False,False,False,569866822,109.5276,0.05314,1.12504,9.13168666666667,1.023672,46.34375,46.6250012715658,45.1000022888184,569851642,49,89.9999588727951,0.0459294840693474,1.734382976,,,,,,,569844159,16.6385294279144,190.0,202.791666666667,1070.0,1.12444,9.13108,1.023084,-37.90625,-41.5104179382324,-45.9750030517578,569851648,1.18108,9.14612666666667,1.118988,-52.7500038146973,-55.0208358764648,-74.0562530517578,3.25234613938187,3.14515659404964,3.15443329179324,-83.5000076293945,-73.5762710571289
0.0534028256506775,130.5,-80.1599897570782,0.141666666666667,1.30204,5.54668,1.02633,-57.0,-58.3645858764648,-58.9062538146973,False,False,False,571507667,135.570304,0.06474,1.2993,5.54388,1.02362,36.3125,36.9062525431315,35.8437519073486,571501770,55,116.651721298695,0.0139504261314869,1.24331648,,,,,,,571500474,20.6266042567831,130.0,113.083330790202,1100.0,1.29866,5.54324,1.023,-39.40625,-44.3958358764648,-37.4375019073486,571501784,1.30284,5.54742666666667,1.24739,-57.4687538146973,-58.8645858764648,-76.09375,2.83760030898891,2.96331691690499,2.75638437949473,-88.5312576293945,-75.4575576782227
0.288145058848716,174.635,-8.32750014778671,0.0892699135573125,1.1173,7.13582,1.025724,-50.875,-53.5520846048991,-53.3687522888184,False,False,False,614273989,81.01364,0.0514400000000002,1.11494,7.13332666666667,1.023556,43.1250038146973,38.0625038146973,36.4687530517578,614263783,38,99.6874645352364,0.193040460348129,1.208023808,,7.17475333333333,,,-58.1562525431315,,614230805,24.0763760514158,130.0,152.791666666667,1100.0,1.11448,7.13281333333333,1.023096,-43.875,-44.9583358764648,-43.5312530517578,614263682,1.93936,7.17475333333333,1.15016,-56.0312538146973,-58.1562525431315,-69.7125030517578,4.9318301864732,4.533857939802,3.91094859807686,-80.2187576293945,-68.9809265136719
,29.62,28.3500011660776,0.0406279287722587,1.19584,16.2870533333333,1.025784,-50.09375,-55.9791704813639,-54.1687530517578,False,False,False,528617239,41.6462,0.0746600000000002,1.19334,16.2846133333333,1.023608,42.7812538146973,45.7500025431315,43.0625022888184,528614668,80,45.781210064888,0.191897705197334,1.171144192,,,,,,,528613096,20.6689312155411,300.0,381.625,2310.0,1.19278,16.28406,1.0231,-38.9687538146973,-40.6770858764648,-47.1937522888184,528614656,1.29272,16.28722,1.131356,-58.15625,-56.1666679382324,-71.4312545776367,3.83791173481421,3.86005540111165,3.91462989181427,-75.125,-70.065544128418
0.0125128558964403,38.44,-62.8824978199383,0.36969696906762,1.14054,1.45334,1.02686,-58.8750038146973,-58.1562538146973,-59.3937538146973,False,False,False,569870909,317.805152,0.0107000000000002,1.13752,1.44975,1.02388,50.4375038146973,49.3437519073486,49.9750022888184,569865781,33,297.968775033951,0.167404964566231,2.163628544,1.14894,1.47035,,-60.9062538146973,-60.3906288146973,,569860147,22.0614749175476,10.0,10.6874995231628,150.0,1.13696,1.44919,1.023364,-48.1562538146973,-48.6718769073486,-50.2125007629395,569865769,1.14894,1.47035,1.06886,-60.9062538146973,-60.3906288146973,-62.8562530517578,4.59824653677116,4.90569756228143,4.4470186244545,-94.53125,-61.084659576416
0.0922226201193832,69.7061538461539,32.0399991260434,0.200617283950617,1.1483,3.11410666666667,1.024788,-42.7812538146973,-45.8958346048991,-44.0937507629395,False,False,False,520480984,232.082816,0.0483800000000001,1.14612,3.11182666666667,1.023012,21.1875019073486,42.7916679382324,31.6437534332275,520472989,35,292.187392711639,0.0949488952755928,1.585003136,,3.15242,,,-46.6354166666667,,520471727,36.8886703705296,40.0,52.2916666666667,800.0,1.14544,3.11122,1.022456,-33.0625038146973,-32.3437519073486,-30.5875015258789,520472977,1.14844,3.15242,1.287152,-42.90625,-46.6354166666667,-58.6437515258789,2.26617509580208,3.09082668094456,2.23682259809735,-98.125,-70.539176940918
0.299096444330625,161.548,-19.039998744308,0.125554435483871,1.17826,5.81909333333333,1.025916,-49.3437538146973,-52.8437525431315,-51.4375022888184,False,False,False,527898240,123.418208,0.0661800000000001,1.17558,5.81622666666667,1.023604,50.34375,49.5208358764648,50.1687522888184,527892380,46,137.499913573265,0.0982848182320595,1.211801984,,,,,,,527891102,30.5983923924771,90.0,119.999997456868,800.0,1.17506,5.81566666666667,1.023104,-40.0,-39.4166692097982,-47.3000022888184,527892366,1.40764,5.81964,1.55482,-53.7812538146973,-53.1770858764648,-68.1562530517578,4.43456266261281,4.60560090959902,4.09359882618657,-83.0937576293945,-67.4416961669922
,15.42,19.1199989868496,0.0118238996698868,1.19538,9.93918,1.025275,-46.5312538146973,-50.3437512715658,-46.9218769073486,False,False,False,528081382,53.611232,0.08138,1.19236,9.93628666666667,1.02351,48.4687538146973,47.2083358764648,47.2187528610229,528025935,80,97.656324505806,0.0755887404084206,1.149732352,,9.97200666666667,,,-53.6145871480306,,528022041,38.1235211248338,150.0,222.875005086263,1999.99987792969,1.1919,9.93576666666667,1.02306,-35.03125,-38.4895858764648,-45.7656278610229,528025939,1.34072,9.97200666666667,1.025385,-57.0937538146973,-53.6145871480306,-47.0234403610229,4.13815467259113,3.72333447114509,3.92609580540963,-81.6250076293945,-70.4607849121094
0.0062276304535599,50.281052631579,7.32499998157277,0.33205329153605,1.07872,2.00016,1.02444,-65.4062576293945,-66.8020858764648,-67.3046894073486,False,False,False,657521609,251.145504,0.0204600000000001,1.0777,1.99905333333333,1.02348,33.5,31.333335240682,35.7500019073486,616899745,44,150.156363844872,0.223950326442719,3.316643072,,2.01458666666667,,,-67.6145884195964,,571427524,12.6810133510552,50.0,24.4583333333333,360.0,1.07734,1.99867333333333,1.02316,-42.4687538146973,-44.9791666666667,-45.3828144073486,616899740,1.07884,2.01458666666667,1.044305,-65.5937576293945,-67.6145884195964,-69.8984432220459,2.0395561123338,2.02476223635091,2.09120835995383,-83.4687576293945,-66.0316390991211
0.0127330707975582,126.562857142857,-54.4875013164248,0.120833334007648,1.22738,8.33523,1.025375,-48.0,-51.9531269073486,-51.9140634536743,False,False,False,541547933,94.666448,0.097,1.22536,8.33327,1.023575,50.2812538146973,49.0937538146973,47.6328153610229,541546569,50,97.6338982582092,0.017292708158493,1.157789696,1.2843,8.4115,,-50.1875038146973,-53.6406288146973,,541545716,25.9429542580998,190.0,182.812492370605,1520.0,1.22486,8.33276,1.023095,-35.2812538146973,-38.8281269073486,-43.8281269073486,541546573,1.2843,8.4115,1.732775,-50.1875038146973,-53.6406288146973,-75.7187538146973,3.64853048922303,3.64141635071146,3.3775894139462,-86.4687576293945,-75.3609237670898
0.013667002370645,51.5244444444445,-48.9274974702081,0.402941175167948,1.2082,2.26156,1.02640666666667,-54.9062538146973,-54.5104204813639,-58.0000025431315,False,False,False,561440410,200.604688,0.03372,1.2054,2.25848666666667,1.02374666666667,52.875,52.9791704813639,50.0104192097982,561437419,31,232.343703508377,0.252297937870026,1.89133824,1.25336,,,-55.6562538146973,,,561437013,27.2967590656347,30.0,30.9583326975505,360.0,1.20488,2.25796,1.02325333333333,-43.5000038146973,-45.1875012715658,-46.5312512715658,561437423,1.25336,2.27292,1.16803333333333,-55.6562538146973,-55.3020858764648,-65.5416692097982,4.78072571349621,5.08578373476341,4.35496551051569,-90.7812576293945,-64.0787048339844
,6.92000000000004,1.15500003224772,0.0582826758604165,1.21376,7.32340666666667,1.02579,-44.8750038146973,-46.8645858764648,-44.6015663146973,False,False,False,571435563,113.736992,0.0645800000000001,1.2111,7.32063333333333,1.02362,45.0937538146973,44.7187525431315,45.6328134536743,571429673,62,117.343783378601,0.0867327600717545,2.04145536,,7.39848666666667,,,-52.1666692097982,,571429412,27.62398728424,130.0,157.5,1430.0,1.21058,7.32009333333333,1.02311,-37.15625,-39.46875,-41.6171913146973,571429677,1.34452,7.39848666666667,1.025875,-58.3125,-52.1666692097982,-44.6875019073486,4.08037560865662,4.01527584446471,4.02222462692805,-86.625,-73.3598861694336
,,-12.6875003558791,0.034457051175921,1.18772,21.8491,1.02646,-49.4375,-54.0729192097982,-51.6750015258789,False,False,False,539877976,34.703652,0.0873000000000002,1.18436,21.8458266666667,1.023632,52.40625,51.5416679382324,51.3625022888184,539544066,100,41.2499979138374,0.0475977063179016,1.334988032,,,,,,,539542640,19.1544716024924,500.0,520.624989827474,2870.0,1.1838,21.8452466666667,1.023108,-40.5,-44.7708358764648,-49.3187530517578,539544054,1.27516,21.8499,1.140212,-55.5625038146973,-54.4687525431315,-73.2500030517578,5.0349495814611,4.87004102793766,4.88722178498083,-76.2812576293945,-72.4060745239258
0.261178899961127,134.52,-94.067503786377,0.1221875,1.12528,7.008,1.025068,-51.0937538146973,-53.4687519073486,-52.0562530517578,False,False,False,571735956,84.506232,0.05728,1.1235,7.00592,1.0234,53.03125,50.3906269073486,52.8375015258789,571726330,36,106.874980032444,0.0758439525961876,1.235341568,,,,,,,571721440,25.3502496909563,100.0,149.625,920.0,1.12306,7.00548,1.023004,-42.28125,-43.0000019073486,-47.0875022888184,571726309,1.12528,7.0382,1.025168,-51.0937538146973,-53.8750038146973,-52.1312515258789,4.61800366668384,4.95294916626042,4.44762106545648,-92.4062576293945,-69.2402877807617
0.0383256538252622,130.105714285714,24.4024991186143,0.111111111111111,1.13256,2.55088,1.02659333333333,-66.375,-67.0,-66.5312576293945,False,False,False,508421992,102.640416,0.0453000000000001,1.12828,2.54714,1.02336666666667,48.25,50.25,51.0729166666667,508419497,43,120.312497019768,0.0826839208602905,1.35945088,,2.55498,,,-68.8125076293945,,508417989,54.0176064387246,70.0,38.125,770.0,1.12778,2.54662,1.02292,-41.1250038146973,-43.6562538146973,-49.0937525431315,508419479,1.1357,2.55498,1.0309,-67.8750076293945,-68.8125076293945,-68.1145833333333,4.621997519603,4.53761631391606,4.89700394866643,-79.4375,-64.9990921020508
0.0330964701925344,127.26,4.51999982581386,0.141466207902846,1.30392,2.45347,1.02743333333333,-51.0625038146973,-51.4687519073486,-51.9166679382324,False,False,False,571536506,152.173744,0.0584200000000001,1.2987,2.44897,1.02376666666667,53.2187538146973,46.9062538146973,50.0833371480306,571532220,41,253.593742847443,0.241858422756195,1.684315648,,2.49922,,,-56.5468788146973,,571527806,45.0453357271194,30.0,35.6875,550.0,1.29796,2.44822,1.02310666666667,-37.1250038146973,-39.8281269073486,-43.1041679382324,571532224,1.39482,2.49922,1.21697333333333,-58.4375038146973,-56.5468788146973,-63.3854192097982,4.55964259176641,4.40613784540053,4.28283131567342,-88.0312576293945,-63.1216926574707
0.0479170065209192,112.735625,38.1731278531472,0.0793238993710692,1.16643,7.60577833333333,1.025228,-57.0000038146973,-57.5729179382324,-58.7625022888184,False,False,False,571520784,66.813688,0.062335,1.16418,7.60332833333333,1.023128,38.78125,42.1666692097982,40.2750022888184,571517321,39,77.578067779541,0.0600626692175865,2.53847808,,7.64854333333333,,,-58.7291692097982,,571516327,24.9855196931719,170.0,164.583333333333,1500.0,1.163575,7.60273333333333,1.022637,-44.6875038146973,-43.6875025431315,-50.9562515258789,571517301,1.202815,7.64854333333333,1.439342,-57.5,-58.7291692097982,-73.4875045776367,2.77638702914286,3.01026675889673,3.39660974922991,-89.71875,-73.2326354980469
,9.19999999999987,104.42499642771,0.0378250601441838,1.23166,13.1794666666667,1.025932,-52.7812538146973,-52.8020871480306,-49.4812515258789,False,False,False,527922776,48.05918,0.0812600000000001,1.22862,13.1761333333333,1.023668,38.0,38.3437525431315,38.8625022888184,527911785,72,70.7813650369644,0.197660341858864,1.15373056,,13.2465533333333,,,-55.1666692097982,,527907460,34.8150206878766,140.0,303.958333333333,1999.99987792969,1.22804,13.1754666666667,1.023068,-41.5312538146973,-43.9895846048991,-51.9000015258789,527911773,1.35438,13.2465533333333,1.026028,-61.1562538146973,-55.1666692097982,-49.5875030517578,3.88009159535455,3.82970413897918,3.83251545692521,-76.34375,-68.3539962768555
0.0023283738543932,44.3258823529412,-45.8075001541491,0.483584396647293,1.75584,5.37584,1.024176,-64.65625,-64.015625,-66.0312530517578,False,False,False,561470209,133.767984,0.23806,1.75492,5.37461,1.023424,24.3125019073486,13.546875,32.5062507629395,561469226,40,102.187536656857,0.160154566168785,1.512041728,,,,,,,561469082,12.5560213098888,170.0,108.875,570.0,1.75456,5.37419,1.023132,-34.4062538146973,-32.7343769073486,-48.4625015258789,561469230,1.7559,5.3761,1.077992,-64.7812576293945,-64.25,-68.3312545776367,1.36444842321507,1.30159322958857,1.69398947476995,-79.34375,-66.9422836303711
0.242289001093682,225.38,19.607499651686,0.0712121226132948,1.14186,8.01680666666667,1.026952,-54.40625,-57.1250025431315,-54.9875022888184,False,False,False,539676249,81.50088,0.0639400000000001,1.13838,8.01282,1.023756,46.96875,46.7083346048991,45.2562530517578,539541824,41,101.562462747097,0.208144262433052,1.758799616,,8.01970666666667,,,-58.1666704813639,,539540199,29.6672488716422,110.0,174.791666666667,1080.0,1.1378,8.01218666666667,1.02318,-44.03125,-44.5000025431315,-49.3437530517578,539541828,1.27812,8.01970666666667,1.16588,-57.8125038146973,-58.1666704813639,-71.2812530517578,4.39714706804354,3.94718508390595,4.09249400603275,-81.9687576293945,-70.0270919799805
,53.5600000000001,-2.41249988736092,0.028,1.36704,12.5706933333333,1.025808,-41.8125,-48.1041692097982,-50.6562507629395,False,False,False,508372206,46.926084,0.12988,1.3639,12.5675066666667,1.023584,47.46875,46.3333358764648,42.7187507629395,508368720,80,65.0000348687172,0.0601420886814594,1.946690816,,12.66774,,,-49.7395858764648,,508366192,35.153491977169,230.0,288.66667175293,2600.0,1.36336,12.5669266666667,1.023056,-32.7500038146973,-35.8333358764648,-36.4562515258789,508368724,1.49854,12.66774,1.266748,-53.6562538146973,-49.7395858764648,-70.9937530517578,4.71534708508796,4.41021026056796,4.04140588764866,-78.1562576293945,-70.5630111694336
,,-7.55749976488751,1.91872020951746e-18,1.0866,12.5766866666667,1.025864,-48.5,-48.3854166666667,-51.2375030517578,False,False,False,528670657,118.274664,0.0465200000000001,1.0834,12.5728533333333,1.023444,36.8750038146973,36.0416666666667,36.8500022888184,528646893,73,124.218784272671,0.13640184700489,1.334194304,,12.5885133333333,,,-50.0000025431315,,528643271,34.9160791024957,310.0,288.791666666667,1500.0,1.0827,12.5719933333333,1.022884,-32.5625,-34.3645846048991,-43.7750022888184,528646897,1.1062,12.5885133333333,1.200972,-50.96875,-50.0000025431315,-72.2625030517578,3.441267826754,3.25067359247451,3.15473136307128,-84.78125,-71.1167068481445
0.0283847462881498,154.188,-55.5000004287542,0.0971052708940163,1.3688,7.77040666666667,1.02532,-49.0,-50.8333358764648,-50.5312515258789,False,False,False,527932678,79.826064,0.10014,1.36654,7.76848666666667,1.023496,45.5000038146973,46.5833358764648,45.5375030517578,527926819,35,100.312501192093,0.0329568423330784,1.114438272,,7.82357333333333,,,-52.8229192097982,,527922515,28.0301419571061,110.0,168.666666666667,1150.0,1.36594,7.76792,1.02296,-37.3125,-39.6770846048991,-48.8562522888184,527926823,1.43478,7.82357333333333,1.641748,-52.8437538146973,-52.8229192097982,-68.2000045776367,2.74071849912345,2.91276591290348,2.95678254017438,-79.03125,-68.4450302124023
0.0617638288005568,60.7975,-49.310003996661,0.340055244280205,1.15042,3.58486666666667,1.02588333333333,-59.03125,-54.90625,-56.8854204813639,False,False,False,576159715,422.433504,0.02216,1.1482,3.58248666666667,1.02359333333333,32.375,34.9479192097982,33.5520846048991,576148969,40,182.656243443489,0.251501113176346,1.127689984,,3.64253333333333,,,-59.7812538146973,,576136807,18.5182831476018,30.0,64.0416653951009,360.0,1.14756,3.58194,1.02303333333333,-54.9062538146973,-49.0833358764648,-54.1406288146973,576148977,1.88874,3.64253333333333,1.13839666666667,-62.6562538146973,-59.7812538146973,-71.484380086263,2.98353787920771,3.36701992131668,2.98752528493414,-89.8125,-70.1294326782227
0.15700923081141,194.635,-72.8175020281441,0.0784090909966637,1.36884,10.99596,1.02553333333333,-51.6250038146973,-51.6354179382324,-53.6458371480306,False,False,False,529925006,52.867776,0.10128,1.3669,10.9938266666667,1.02372,46.7812538146973,34.5520833333333,35.0416692097982,529828217,54,57.0312514901161,0.100209213793278,1.13339136,,11.0980333333333,,,-53.0937538146973,,529826240,23.5469133885743,190.0,249.374989827474,1889.99987792969,1.36636,10.9931466666667,1.02313333333333,-39.0625,-42.3645846048991,-46.6875025431315,529828221,1.47528,11.0980333333333,1.18536,-55.125,-53.0937538146973,-72.5416692097982,3.20116432653341,2.54261272009617,2.54867655326403,-78.90625,-71.482048034668
,16.0399999999998,-106.064997063005,0.0081488920487708,1.16746,22.5262533333333,1.0253,-48.6875038146973,-53.2083346048991,-49.9250030517578,False,False,False,549198067,41.800588,0.0717800000000002,1.16502,22.5241866666667,1.023572,50.4375038146973,50.5104179382324,49.9562538146973,549117812,107,39.3750369548798,0.151068136096001,1.989777664,,22.5785333333333,,,-54.5104179382324,,548440226,18.2529912157985,450.0,537.583333333333,3050.0,1.16448,22.5236466666667,1.023068,-38.4375,-41.9270858764648,-49.8375015258789,549117796,1.24992,22.5785333333333,1.118904,-58.6875038146973,-54.5104179382324,-75.8062530517578,3.98093805895404,3.82777383616699,3.55831728497574,-78.6562576293945,-73.8397598266602
0.0148461861604656,58.7475,30.6825016782586,0.318333328574595,1.18176,1.91872,1.02558,-54.0,-54.3958358764648,-53.3437519073486,False,False,False,528081482,363.163008,0.0248200000000001,1.17948,1.91638666666667,1.02357,37.2812538146973,36.6458346048991,30.2968778610229,528016552,26,438.750058412552,0.0960642471909523,1.775540736,,1.93995333333333,,,-56.0312512715658,,528015670,33.6251530080084,30.0,22.3749993642171,330.0,1.17896,1.91585333333333,1.02312,-36.03125,-35.5416679382324,-38.0000019073486,528016556,1.21106,1.93995333333333,1.47269,-56.5625038146973,-56.0312512715658,-64.9687538146973,3.02529593912556,2.87057108480518,2.64555733822398,-97.84375,-63.9781761169434
0.0329187047189062,73.9933333333334,5.82750037461666,0.163990461049285,1.20942,4.46370666666667,1.02521,-47.6875,-53.8645858764648,-56.7187519073486,False,False,False,525143387,228.68704,0.0467,1.20732,4.4617,1.02346,38.90625,34.2187512715658,41.4843788146973,525136460,60,161.606997251511,0.0130176693201065,1.285603072,,4.49421333333333,,,-56.7395833333333,,525133308,27.8419197731098,90.0,86.0416666666667,680.0,1.20668,4.46095333333333,1.02295,-36.9687538146973,-37.78125,-49.0312519073486,525136440,1.24682,4.49421333333333,1.89012,-54.3125,-56.7395833333333,-75.9062538146973,2.28702681308085,1.74926775813847,2.84950623189672,-99.375,-77.7643203735352
0.97128097902958,325.22,22.61000067727,0.0416666690749351,1.14044,5.20588666666667,1.025828,-48.5,-55.1250025431315,-49.6562538146973,False,False,False,527936856,87.975,0.0629000000000002,1.13814,5.20258,1.023744,41.5937538146973,43.2812512715658,39.4437522888184,527933439,60,112.187422811985,0.149002969264984,1.336764672,1.1411,,,-49.0937538146973,,,527931217,75.0216065230962,110.0,104.541666666667,1450.0,1.13756,5.20193333333333,1.023164,-37.3750038146973,-41.0729192097982,-42.5187515258789,527933421,1.1411,5.20681333333333,1.025996,-49.0937538146973,-55.5625025431315,-49.7687522888184,3.9141201842871,3.99138927271825,3.54902361393858,-83.21875,-70.6579971313477
,592.42,-20.9675020401701,0.0729910714285715,1.14692,11.6533266666667,1.02558,-50.15625,-54.7187525431315,-52.2187522888184,False,False,False,531543523,71.584536,0.0740800000000001,1.14474,11.65104,1.023692,48.8125,50.2291704813639,45.7000015258789,531533793,60,51.5624992549419,0.0994585901498795,0.070566408,,,,,,,531523484,16.668697565356,310.0,265.75,2070.0,1.1442,11.6505,1.023172,-39.65625,-40.4062512715658,-44.9375015258789,531533797,1.23242,11.69352,1.127292,-55.5625038146973,-55.1041704813639,-76.7375015258789,3.40352028388996,3.61644192436006,3.38683390549018,-82.3125,-76.0040817260742
,8.04000000000005,37.0524964876662,0.0566929118532305,1.16244,10.9981466666667,1.024932,-53.0,-55.5208346048991,-51.9500030517578,False,False,False,531542816,57.794184,0.0709,1.16038,10.9960466666667,1.023372,47.6562538146973,50.5000012715658,48.6625022888184,531530573,46,54.3750375509262,0.132506892085075,1.719974912,,,,,,,531523709,21.4291219153151,120.0,249.374994913737,1500.0,1.15994,10.9955933333333,1.022976,-42.4687538146973,-40.7604204813639,-49.7812507629395,531530561,1.30472,10.9986866666667,1.025056,-58.9375,-55.9479204813639,-52.0562538146973,4.39592542571796,4.18205549731055,4.18288863837259,-73.65625,-67.3173675537109
0.390463126222139,187.345,29.6799980425977,0.0785714296722893,1.1541,8.6464,1.025688,-49.8750038146973,-53.2500025431315,-51.5250030517578,False,False,False,539880168,59.29352,0.0743800000000001,1.15172,8.64352666666667,1.023572,51.53125,51.8645858764648,49.8000015258789,539566779,68,67.8570345044136,0.210298508405685,1.234940416,,,,,,,539563673,30.748937593685,170.0,190.583333333333,1240.0,1.15118,8.64294666666667,1.023048,-41.46875,-42.3854192097982,-46.7437515258789,539566759,1.15432,8.64682,1.025852,-50.0,-53.5000038146973,-51.6437522888184,4.3013998362643,4.54554283319924,4.39131704612605,-76.96875,-70.3701782226562
0.0970522162849702,121.405714285714,-15.01249992375,0.127754237288136,1.24206,4.99541,1.02619333333333,-53.0937538146973,-54.1093788146973,-54.3645871480306,False,False,False,567757440,123.833736,0.0855600000000001,1.23948,4.99293,1.02375333333333,40.2500038146973,41.078125,40.0104179382324,567750060,39,140.937492251396,0.0210172701627016,1.195195392,1.30112,5.06694,,-54.5937538146973,-55.5937538146973,,567747448,27.7285563027078,70.0,99.3125,949.999938964844,1.23884,4.99227,1.02310666666667,-43.875,-46.3750038146973,-51.4375,567750064,1.30112,5.06694,1.60814,-54.5937538146973,-55.5937538146973,-75.2604217529297,3.17593765998923,3.16815153344667,3.13399807027985,-91.4375,-75.396614074707
,,-11.9975002155215,0.0188888888888889,1.19224,8.4107,1.02626666666667,-44.7812538146973,-43.7187538146973,-49.3750025431315,False,False,False,542092246,63.77648,0.0954000000000002,1.18772,8.40792666666667,1.02384,43.8437538146973,38.9166679382324,45.3645871480306,542088581,58,81.2499970197678,0.0448333472013474,1.078566144,,8.49517333333333,,,-51.4895846048991,,542086000,26.746035575485,170.0,184.666666666667,1969.99987792969,1.1871,8.40721333333333,1.02327333333333,-34.375,-34.2291679382324,-44.125,542088585,1.31018,8.49517333333333,1.50038,-51.28125,-51.4895846048991,-70.5729192097982,3.90184625372785,3.3846684034389,3.86582847152765,-80.03125,-69.8770980834961
0.0146632054261711,50.7063157894737,-44.004997562519,0.296378267483021,1.50968,2.97957333333333,1.025785,-56.3750038146973,-54.6666692097982,-54.4609394073486,False,False,False,561465241,265.623664,0.03362,1.50698,2.97659333333333,1.023565,39.5937538146973,40.6458346048991,42.1250019073486,561464936,39,234.866082668304,0.113364040851593,1.395330048,,2.98973333333333,,,-56.8958358764648,,561464809,28.3032366181855,20.0,48.875,370.0,1.50634,2.97599333333333,1.02309,-41.8437538146973,-36.6041692097982,-44.7109394073486,561464964,1.55986,2.98973333333333,1.65884,-56.875,-56.8958358764648,-63.2187528610229,3.08310177339529,3.31653715098687,3.48207361846951,-86.6562576293945,-63.1031837463379
0.190788507397347,169.192,43.3875019245633,0.0686440677966102,1.09146,5.37626,1.02574,-50.5,-50.25,-51.5937519073486,False,False,False,660806722,119.796232,0.0484800000000001,1.08838,5.37248,1.02316,43.0,43.5625,45.0156288146973,519852828,34,172.433033585548,0.0552883446216583,1.193319808,1.09286,5.41168,,-51.0625038146973,-53.6562538146973,,519849529,44.8762252884249,130.0,108.75,1100.0,1.0878,5.3718,1.02265,-32.15625,-32.0312538146973,-46.2812519073486,519852832,1.09286,5.41168,1.43841,-51.0625038146973,-53.6562538146973,-70.7968826293945,4.67411691924362,3.80657085801108,4.95640469797648,-91.1875076293945,-71.3199005126953
0.0020344408976282,17.1515789473684,-0.824999953335376,0.73,1.05368,2.32587333333333,1.024396,-67.5,-68.1562525431315,-68.8750015258789,False,False,False,545227969,534.385088,0.0086000000000001,1.05272,2.32466,1.023448,27.0625019073486,24.9375012715658,32.7000015258789,545209933,39,339.843928813934,0.138310879468918,2.489410816,,,,,,,545207901,10.0510523052487,40.0,32.625,190.0,1.05242,2.32431333333333,1.023168,-37.8125,-37.7604192097982,-43.8875007629395,545209911,1.05376,2.32622666666667,1.03512,-67.71875,-68.5520884195964,-71.4312530517578,1.58459552010091,1.55164215408181,1.72239028765109,-85.3437576293945,-67.4590835571289
0.0501891795623761,44.4504761904762,60.7774941485673,0.352406014352527,1.08852,5.62146666666667,1.02442,-52.3125,-54.9375012715658,-52.5468769073486,False,False,False,595599745,164.83776,0.0281800000000001,1.08728,5.62012,1.02336,38.28125,39.3958358764648,40.1953163146973,595578302,34,196.875184774399,0.200951904058456,1.403786368,,5.64622666666667,,,-52.6458358764648,,595570553,18.861647096411,70.0,114.999997456868,540.0,1.08688,5.6197,1.023,-38.3125038146973,-38.8750012715658,-43.4843769073486,595578298,1.08858,5.62150666666667,1.13243,-52.3437538146973,-54.9687512715658,-68.9296894073486,2.78721656725689,2.80881854519446,2.83005120352749,-86.21875,-67.8841094970703
0.891341944128508,320.915,-47.8456232966273,0.0675271655514925,1.157415,11.4407983333333,1.025342,-54.0,-55.9791679382324,-55.3187515258789,False,False,False,488419346,61.571352,0.076095,1.15542,11.4385333333333,1.023542,42.4375,44.6354166666667,40.6625022888184,488419098,63,75.312539935112,0.158498719334602,2.207250432,,,,,,,488418919,24.0288583754547,210.0,260.458338419596,1679.99987792969,1.1549,11.438015,1.023052,-40.9687538146973,-41.3958358764648,-47.7250030517578,488419102,1.27728,11.4410466666667,1.261958,-54.5625,-56.125,-72.1312515258789,3.37711385047564,3.53513843301101,3.09589476829431,-79.71875,-71.3139724731445
,6.90000000000013,-5.89250002958064,0.0076434884058498,1.12292,15.9273133333333,1.025004,-45.46875,-51.9479204813639,-49.7250007629395,False,False,False,517692194,52.305912,0.0668,1.12128,15.92556,1.023568,39.4375038146973,40.6145871480306,37.0625007629395,517689942,57,53.4374602138996,0.196399614214897,1.264053504,,15.97472,,,-54.0729192097982,,517689107,14.0342725077184,330.0,372.625,1979.99987792969,1.12082,15.9250466666667,1.02314,-38.5000038146973,-41.4166692097982,-41.2312507629395,517689946,1.21062,15.97472,1.10466,-55.9375038146973,-54.0729192097982,-74.0562545776367,3.39036291090614,3.12498015386595,2.96128154002478,-77.46875,-71.9248275756836
,698.5,-32.6249964544001,0.067691385935905,1.21988,17.7568866666667,1.025468,-46.3125038146973,-51.8125025431315,-48.0500015258789,False,False,False,537292316,51.639332,0.09436,1.2177,17.7549266666667,1.023676,41.8125,49.2604192097982,46.2250030517578,537279013,80,63.7499913573265,0.0575473345816135,1.193561856,,,,,,,537266147,24.332130901726,320.0,418.333333333333,2100.0,1.21704,17.7543266666667,1.023076,-38.125,-41.2708346048991,-45.3062515258789,537279001,1.28496,17.7921,1.272216,-51.4062538146973,-52.1145833333333,-72.7625015258789,2.99272147939217,3.44804217204366,3.25834333240726,-78.21875,-72.2197189331055
,8.03999999999983,-5.64999999910776,0.0322839152833429,1.26832,10.9107266666667,1.025504,-42.65625,-44.7916704813639,-45.06875,False,False,False,520627662,47.334832,0.0868600000000002,1.26622,10.9082666666667,1.02368,38.4062538146973,40.2187512715658,39.3187515258789,520621532,68,85.4687839746475,0.181331247091293,1.463144192,,10.9811533333333,,,-47.2083371480306,,520615638,35.5584024902902,180.0,247.166666666667,2180.0,1.26556,10.90754,1.023056,-31.25,-32.1666679382324,-42.7750030517578,520621520,1.26842,10.9811533333333,1.025548,-42.7187538146973,-47.2083371480306,-45.1062515258789,2.53772153024718,2.51028405884727,2.37120484617945,-71.53125,-63.5259132385254
,8.24000000000003,17.2800003472862,0.0318249261864569,1.14134,15.4703333333333,1.02642,-41.4375038146973,-43.4479192097982,-42.9375019073486,False,False,False,520497497,51.755776,0.07298,1.13842,15.4664266666667,1.02394,43.1875038146973,40.7187538146973,41.1328144073486,520472617,55,72.3436698317528,0.223316758871078,1.36388992,,15.5199666666667,,,-48.2812525431315,,520470950,25.020074873579,210.0,361.166666666667,1560.0,1.13774,15.46564,1.023195,-37.5312538146973,-34.90625,-45.5078134536743,520472621,1.14136,15.5199666666667,1.026485,-41.5312538146973,-48.2812525431315,-43.0234394073486,3.38005166708569,3.07200684393517,3.11415547549377,-77.0000076293945,-69.5647506713867
,24.5600000000001,8.61749994279792,0.462723214285714,1.04722,13.9836666666667,1.02394,-62.0312538146973,-62.6458358764648,-63.7062515258789,False,False,False,531542979,139.217248,0.01562,1.04662,13.983,1.023356,25.3125019073486,25.0208346048991,29.6125015258789,531532423,44,75.9375020861626,0.0698191076517105,3.384705792,,,,,,,531520637,5.72594714895101,290.0,324.041666666667,760.0,1.04636,13.9827,1.023084,-36.3437538146973,-34.8854179382324,-45.8875038146973,531532427,1.04728,13.9837133333333,1.42702,-62.125,-62.7187512715658,-77.04375,1.31526664906747,1.30743563551053,1.37568577490333,-85.2500076293945,-76.1952514648438
0.0283552576461152,58.57875,-10.5924991000705,0.242537942664418,1.32476,4.96866,1.02528666666667,-47.7187538146973,-47.3020846048991,-48.4791692097982,False,False,False,541556923,100.52168,0.0387600000000001,1.32278,4.96689333333333,1.02364,32.46875,34.0729166666667,22.6770833333333,541554539,49,192.96883046627,0.115445174276829,1.174970752,,5.01012666666667,,,-47.4895858764648,,541551362,23.6331833528028,80.0,98.6666666666667,610.0,1.3222,4.96634,1.02313333333333,-36.1562538146973,-39.0833346048991,-39.1666692097982,541554514,1.37176,4.99830666666667,1.39343333333333,-51.1562538146973,-47.6666679382324,-69.3958384195964,2.50602021718826,2.55419972753868,2.27161565106672,-91.0625,-69.4498825073242
0.0001134593795176,27.6702857142857,-16.797500890231,0.530677958641939,1.18358,2.50161333333333,1.02437,-67.0625076293945,-66.7291666666667,-66.4843769073486,False,False,False,561436441,297.887264,0.0121,1.1822,2.50044666666667,1.0235,24.1875019073486,23.9583346048991,30.7734379768372,561434831,29,202.968820929527,0.137681052088737,1.182601216,1.1861,2.50386,,-69.75,-69.2916692097982,,561432315,13.6308665767892,50.0,36.9999987284342,210.0,1.18186,2.50007333333333,1.023175,-41.96875,-43.4375025431315,-48.7265644073486,561434835,1.1861,2.50386,1.028395,-69.75,-69.2916692097982,-71.9687519073486,1.57399229359716,1.49596273949467,1.64415277107081,-87.84375,-65.524772644043
,,-15.5500005233344,0.01797752935744,1.192,9.88490666666667,1.02546,-47.7187538146973,-49.9270871480306,-51.9583358764648,False,False,False,508384951,44.429204,0.09074,1.18928,9.88205333333333,1.0235,50.96875,49.2916704813639,50.4166679382324,508382827,50,70.9374621510506,0.0904344543814659,1.08815744,,9.92913333333333,,,-54.2916692097982,,508381568,28.8859879153914,170.0,221.541666666667,1899.99987792969,1.18886,9.88157333333333,1.02308,-34.28125,-34.7916679382324,-48.5000025431315,508382831,1.27502,9.92913333333333,1.15081333333333,-54.8125038146973,-54.2916692097982,-61.0729230244954,4.51565475444967,4.42952300479386,4.71835186926356,-71.53125,-63.9931106567383
,62.94,48.8824987432412,0.0137931029921647,1.13184,13.2720666666667,1.025056,-53.9687538146973,-57.9166679382324,-55.9187522888184,False,False,False,508281318,70.269392,0.0404200000000001,1.12826,13.2689466666667,1.023472,37.5,37.0833358764648,42.1062515258789,508280301,82,53.2812885940075,0.283230900764465,1.971002368,,13.2904933333333,,,-62.0,,508280017,21.3685933337872,450.0,306.208333333333,3300.0,1.12776,13.26836,1.02304,-35.2187538146973,-38.3333346048991,-51.2437530517578,508280307,1.1695,13.2904933333333,1.148516,-61.7187538146973,-62.0,-78.7000030517578,3.71355756120646,3.55757608736568,3.53126369383313,-83.65625,-77.5757522583008
,17.02,-4.77499983997376,0.0292410738188374,1.19108,24.1382933333333,1.02578666666667,-47.6562538146973,-52.3645871480306,-49.4791692097982,False,False,False,537302928,31.500576,0.0990800000000001,1.1882,24.1354266666667,1.02366666666667,46.4375,45.3333358764648,45.1770846048991,537292107,92,25.6249997764826,0.0922185331583023,1.308806784,,,,,,,537284228,20.1518841746253,430.0,577.916666666667,3210.0,1.18768,24.13488,1.02315333333333,-38.6562538146973,-42.1145858764648,-52.0833358764648,537292111,1.34996,24.1874,1.16263333333333,-55.6562538146973,-52.9895858764648,-73.8854217529297,4.22981507302019,4.05911830479778,4.29463266548768,-76.3125076293945,-72.2418441772461
,7.66,-13.3999989923583,0.0179516259152289,1.21838,13.0722933333333,1.025332,-44.96875,-50.0208346048991,-47.7312515258789,False,False,False,520633191,56.843276,0.103,1.21618,13.0699133333333,1.023604,45.9062538146973,47.0208371480306,46.0062515258789,520631691,69,78.2812461256981,0.226561307907104,1.619350528,,,,,,,520631294,31.9461816807389,150.0,301.25,2019.99987792969,1.21566,13.0693333333333,1.023088,-32.46875,-34.3020846048991,-44.4125030517578,520631673,1.21854,13.0725666666667,1.025348,-45.0937538146973,-50.1666692097982,-47.7750030517578,3.61985729979945,3.37282671596737,3.20879953283554,-79.7812576293945,-70.5597610473633
0.0078609832346202,44.5742857142857,-32.7474991568266,0.297347658016663,1.14806,1.67956,1.027424,-57.0937538146973,-57.4375038146973,-59.9125038146973,False,False,False,657521905,419.382016,0.0242400000000003,1.1447,1.67617333333333,1.02454,50.9062538146973,51.9791692097982,52.3687515258789,587814309,36,346.406221389771,0.200076520442963,1.24403584,1.16006,1.69743333333333,,-59.5625038146973,-59.9479179382324,,587784061,30.7037219792478,20.0,16.375,300.0,1.14416,1.67565333333333,1.02408,-42.0937538146973,-43.8333358764648,-45.1000015258789,587814145,1.16006,1.69743333333333,1.164308,-59.5625038146973,-59.9479179382324,-65.1000045776367,4.45462261516351,4.37496467058267,3.98267859812958,-99.28125,-65.3735504150391
0.0278459596639436,73.6783333333333,8.17249913576124,0.1671875,1.11848,4.10585333333333,1.02517333333333,-53.8750038146973,-58.8333371480306,-56.6354179382324,False,False,False,525097092,232.352528,0.0417000000000001,1.11668,4.10410666666667,1.02354,42.1562538146973,39.2187538146973,41.0208358764648,525031831,40,159.531131386757,0.128440782427788,1.125671168,1.14262,4.13498666666667,,-53.4687538146973,-59.5104204813639,,525011903,21.1810256736186,90.0,77.0833333333333,590.0,1.11614,4.10354,1.02306666666667,-40.6250038146973,-45.4166679382324,-49.9166704813639,525031835,1.11856,4.13498666666667,1.37525333333333,-53.9687538146973,-59.5104204813639,-71.1979192097982,2.89546090494073,2.55987565805174,3.09978714203629,-88.8437576293945,-70.56103515625
-0.0157675578671712,65.2314285714286,25.1249993032943,0.216964285714286,1.25154,3.26090666666667,1.024308,-58.8437538146973,-59.4270871480306,-61.5000015258789,False,False,False,525097981,149.266464,0.02474,1.2507,3.26014666666667,1.023532,32.0625,37.9479192097982,38.9625007629395,525033450,38,187.499985098839,0.116955161094666,1.123645568,1.26002,3.27384,,-58.78125,-60.3125038146973,,525018757,27.548390581658,70.0,56.0,460.0,1.25034,3.25977333333333,1.023188,-41.5000038146973,-42.6145858764648,-46.8312522888184,525033433,1.25162,3.27384,1.80088,-59.0000038146973,-60.3125038146973,-67.5625030517578,1.5904426899397,1.51179828145679,1.56950951820332,-87.9062576293945,-67.4275360107422
0.124885614563579,136.993333333333,-9.60499908775336,0.0840430016863406,1.30342,16.6057733333333,1.02534,-52.09375,-52.4270871480306,-51.9687530517578,False,False,False,526807899,46.63342,0.10598,1.30138,16.6040866666667,1.023708,39.625,40.8750038146973,38.8437507629395,526728210,86,59.5312118530273,0.0084122093394398,1.111996032,,,,,,,526727406,24.74748336536,300.0,389.583333333333,3210.0,1.30078,16.6035,1.023088,-41.6562538146973,-42.5729204813639,-52.5375007629395,526728196,1.34156,16.6059,1.492504,-53.28125,-52.5000025431315,-79.6375015258789,2.45588145652509,2.49746386736727,2.44661418621933,-85.8437576293945,-79.4472732543945
,,-11.764999564845,0.018452380952381,1.2158,13.24176,1.025744,-46.4687538146973,-49.6250038146973,-52.7875038146973,False,False,False,528609337,56.007384,0.0844400000000001,1.2125,13.2396466666667,1.023728,44.7812538146973,44.3854204813639,44.8187515258789,528605924,59,51.5625365078449,0.170316070318222,1.448541696,,13.31854,,,-53.9791692097982,,528602977,19.7421240479241,310.0,305.499989827474,2340.0,1.2119,13.23906,1.023172,-35.5312538146973,-37.9270846048991,-47.8750007629395,528605928,1.2855,13.31854,1.135116,-54.3437538146973,-53.9791692097982,-75.7875030517578,3.23778812326403,3.23070064282257,3.31345158074545,-81.6562576293945,-74.7109680175781
0.0963880229896845,115.234285714286,10.8700002124373,0.196542546280966,1.1573,4.28931333333333,1.025404,-52.6562538146973,-54.0000038146973,-52.9062530517578,False,False,False,569842249,197.94712,0.0405800000000001,1.15518,4.28704666666667,1.023544,44.5,38.5937512715658,35.5125,569834902,50,214.241176843643,0.160825148224831,3.09889536,,4.31996666666667,,,-56.1250025431315,,569825715,26.5421979987426,60.0,81.6666666666667,650.0,1.15468,4.2865,1.023072,-36.1562538146973,-40.1770858764648,-42.0750007629395,569834910,1.20754,4.31996666666667,1.202728,-59.65625,-56.1250025431315,-70.8500030517578,3.37851424659097,3.22612392186637,2.93838848301982,-90.4062576293945,-70.4973449707031
0.913978494623656,165.54,6.01999960297972,0.0618421052631579,1.18802,9.21370666666667,1.02578666666667,-47.78125,-48.3229179382324,-46.9166692097982,False,False,False,528625395,62.788512,0.0724400000000001,1.18546,9.21092,1.02369333333333,36.8125038146973,38.3125,35.9791704813639,528620357,43,103.281363844872,0.171072691679001,1.339433728,,9.28613333333333,,,-52.1041666666667,,528619307,31.4887349767998,110.0,204.749994913737,1470.0,1.18484,9.21026,1.02310666666667,-39.4375038146973,-38.8020871480306,-44.2916692097982,528620361,1.81478,9.28613333333333,1.02588,-56.625,-52.1041666666667,-47.0520871480306,3.46659838056031,3.26153408897945,3.25292705244919,-80.5312576293945,-70.6122131347656
0.0288823738269504,160.12,-41.3374993957216,0.111363636363636,1.28598,4.79464,1.026044,-51.28125,-52.3541679382324,-53.7687522888184,False,False,False,562378809,94.392264,0.0750600000000001,1.28298,4.79142,1.02372,36.5625038146973,42.5208358764648,39.3250015258789,562377836,41,142.031326889992,0.141286239027977,1.18313728,,4.8388,,,-54.2395871480306,,562377597,32.8075795799847,70.0,94.2916641235352,750.0,1.28228,4.79077333333333,1.023144,-38.4687538146973,-40.6979179382324,-45.5187530517578,562377840,1.33506,4.8388,1.151472,-55.0937538146973,-54.2395871480306,-64.5687530517578,3.31494240264883,3.56809060636003,3.40423187882023,-79.75,-63.6671104431152
0.0874611275701853,148.166666666667,-0.429999921303451,0.0466666666666667,1.14918,4.70282,1.02666666666667,-50.5312538146973,-52.7291692097982,-52.9166704813639,False,False,False,660971915,93.289248,0.0628,1.1457,4.69914,1.02373333333333,50.5312538146973,50.1770858764648,48.1875012715658,528028799,36,167.522311210632,0.0688499212265015,1.252484864,1.15074,4.73778666666667,,-51.4062538146973,-54.1145846048991,,528025071,68.5920790825568,90.0,91.875,1050.0,1.14518,4.69855333333333,1.02321333333333,-37.3125,-41.2604192097982,-45.96875,528028806,1.15074,4.73778666666667,1.46108,-51.4062538146973,-54.1145846048991,-65.1458333333333,4.76789262038604,4.62519320422196,4.59564523966518,-81.9687576293945,-65.1242141723633
0.581115172733357,194.23,-23.0224971031756,0.104104075058884,1.1979,5.7619,1.0255,-49.8750038146973,-51.09375,-53.75,False,False,False,576127114,93.702144,0.0774600000000001,1.19564,5.75959,1.0236,48.4687538146973,50.1406288146973,49.1562538146973,576122896,40,98.3593761920929,0.0869328230619431,3.521714944,,5.80474,,,-54.1875019073486,,576117916,24.6728056245576,120.0,118.5,1200.0,1.1952,5.75914,1.02318,-38.625,-38.0781288146973,-47.46875,576122912,1.25444,5.80474,1.22816,-54.8437538146973,-54.1875019073486,-71.5937576293945,4.52750939619948,4.5554755811669,4.12951903761942,-90.0625076293945,-71.4803771972656
-0.0288614861273522,376.28,-3.09749990413943,0.0545454545454545,1.2483,6.51019333333333,1.02655333333333,-54.9375038146973,-58.0937525431315,-57.0520858764648,False,False,False,508417043,109.847632,0.0801800000000001,1.24448,6.50735333333333,1.02398666666667,59.3750038146973,52.3645846048991,56.3125038146973,508415746,41,153.906255960464,0.0550162047147751,1.691457536,,,,,,,508413678,38.1384963437451,150.0,137.125,1260.0,1.24382,6.50674666666667,1.02337333333333,-30.5000019073486,-36.5000025431315,-43.4583346048991,508415750,1.24832,6.51036666666667,1.66289333333333,-55.03125,-58.1979192097982,-74.0833358764648,5.80820278593181,4.8155873435042,4.98954133160108,-97.0,-74.6425933837891
0.0176593464242711,32.6933333333333,-38.6424989229361,0.665873015873016,1.16256,1.38912,1.046328,-54.46875,-53.4375025431315,-52.9312515258789,False,False,False,637193049,735.866752,0.01556,1.16078,1.38712,1.044452,39.25,40.4479179382324,39.3687507629395,637169332,20,269.53125,0.0466119982302189,3.60796288,1.19556,1.41008,,-56.875,-55.0833371480306,,637038252,17.9747425392192,10.0,9.125,200.0,1.16026,1.38658666666667,1.043972,-44.34375,-42.8541692097982,-41.0562530517578,637169336,1.19556,1.41008,1.701144,-56.875,-55.0833371480306,-63.0625022888184,2.91710414874518,2.98841303503736,2.93927341927963,-97.8750076293945,-64.3611221313477
,10.4199999999999,-47.7574993440477,0.0095823072085014,1.14,24.1471133333333,1.025252,-46.8437538146973,-51.3437525431315,-48.4062522888184,False,False,False,527912278,45.891952,0.0685200000000001,1.138,24.1450933333333,1.02366,49.0,48.0312538146973,48.3000022888184,527905936,83,37.8124602138996,0.229496210813522,1.347536,,24.1868266666667,,,-55.9166692097982,,527901472,14.1664188835468,470.0,577.916666666667,3300.0,1.13748,24.1445466666667,1.023128,-40.1875,-40.9375012715658,-53.2625022888184,527905940,1.22802,24.1868266666667,1.115316,-57.1875,-55.9166692097982,-77.4250045776367,3.13708999548969,3.14592825805649,2.97570411229955,-80.03125,-75.1047592163086
,,-5.77499983597796,-3.7153498306520903e-19,1.1044,14.6135333333333,1.0249,-52.3125,-57.6875038146973,-53.4062538146973,False,False,False,529956147,59.44568,0.06816,1.10242,14.61166,1.02346,45.0,45.3854179382324,45.4375038146973,529901754,66,50.3125376999378,0.120771378278732,1.063424128,,,,,,,529897150,18.0576369771903,390.0,339.75,2800.0,1.10188,14.61116,1.02296,-38.4062538146973,-40.0937525431315,-49.6562538146973,529901758,1.13964,14.6138133333333,1.12788,-53.8125038146973,-57.875,-74.59375,2.93572552841034,3.04392307028658,2.89380366555319,-79.7812576293945,-73.9258117675781
0.296396138366583,183.045,14.0700003731231,0.0943640481153157,1.14546,14.0613866666667,1.026436,-51.0000038146973,-52.3437538146973,-51.7437530517578,False,False,False,539672915,37.640396,0.0684400000000001,1.14268,14.0585333333333,1.023664,51.8125038146973,52.3333371480306,48.6937530517578,539539964,51,69.8437467217445,0.070579394698143,1.227807488,,,,,,,539539309,22.1382589438994,250.0,325.958333333333,1160.0,1.1421,14.0578933333333,1.023108,-43.4375038146973,-45.0208346048991,-46.3000007629395,539539968,1.14578,14.0618133333333,1.145432,-51.1875038146973,-52.6145858764648,-70.0312545776367,4.08283142008852,3.83682850377644,3.94161604800242,-75.34375,-69.5565795898438
0.0436590436590288,4.81000000000009,-26.6424989708858,0.0193037974683544,1.06492,18.2564266666667,1.024124,-59.8125,-59.8750012715658,-58.5500022888184,False,False,False,526808329,63.210744,0.02816,1.06426,18.2556,1.023452,25.9375019073486,22.4375012715658,25.7875007629395,526737349,49,60.1561367511749,0.0690956860780716,1.139419648,,,,,,,526734407,7.42467538352053,270.0,430.916666666667,1070.0,1.06396,18.25528,1.023148,-42.59375,-37.2708346048991,-47.8437522888184,526737353,1.065,18.2565066666667,1.702936,-59.9375038146973,-59.9791692097982,-72.9250030517578,1.47357296048348,1.42994817988954,1.49481427809235,-78.125,-71.3862915039062
0.090832774857362,77.6783333333333,-89.5974960890555,0.191735534833499,1.13708,2.02582,1.02699333333333,-49.6875,-52.8437538146973,-48.2500025431315,False,False,False,571438287,287.634368,0.0400400000000001,1.13328,2.02194,1.02364,44.3125038146973,42.75,43.9375038146973,571435225,37,339.598208665848,0.118509650230408,1.665492224,,2.028,,,-53.7812538146973,,571430815,39.1211351396433,30.0,25.0,489.999969482422,1.13262,2.02128,1.02304,-40.4687538146973,-42.03125,-44.1041704813639,571435237,1.13738,2.028,1.02776,-49.84375,-53.7812538146973,-48.5208358764648,4.75674107010674,4.69185423112664,4.63980716339099,-104.843757629395,-71.7458419799805
0.0547842349457087,77.4,-50.5025014863048,0.229195011337868,1.22268,5.67698666666667,1.024908,-48.8125,-51.1145871480306,-51.8187507629395,False,False,False,537284095,129.869152,0.07006,1.22068,5.67502666666667,1.023444,39.40625,39.6458346048991,36.0375,537265969,45,127.232253551483,0.0916207209229469,0.9666192,1.3653,,,-52.1250038146973,,,537256313,18.7427130300443,70.0,116.374997456868,750.0,1.22018,5.67452666666667,1.023036,-37.34375,-40.6458358764648,-45.7375030517578,537265947,1.3653,5.69454666666667,1.3899,-52.1250038146973,-51.5208358764648,-72.9000015258789,3.1211816215221,3.46452807634467,3.0546809499194,-87.53125,-72.6281051635742
0.008051525231458,26.0673684210526,19.379999341429,0.433571428571428,1.10682,1.28911333333333,1.02493333333333,-56.0937538146973,-54.6250025431315,-56.4687525431315,False,False,False,545162300,500.945408,0.00506,1.1049,1.28714666666667,1.02320666666667,34.9062538146973,36.9479192097982,37.2812512715658,545158972,36,415.625333786011,0.0449359752237797,1.288683136,1.11736,,,-57.5,,,545152345,30.0058534866224,10.0,6.66666666666667,150.0,1.10436,1.2866,1.02274,-40.2500038146973,-41.0833346048991,-44.1979185740153,545158954,1.11736,1.29632666666667,1.06065666666667,-57.5,-55.1770858764648,-58.1979192097982,2.4105727779644,2.71256574304,2.66450052883213,-82.2812576293945,-55.7621650695801
,,-3.24250023532591,0.0183467749967534,1.13066,14.1468266666667,1.0259,-50.8437538146973,-45.1562538146973,-50.8854192097982,False,False,False,541028808,83.190128,0.0526600000000002,1.12836,14.1412133333333,1.02389333333333,42.53125,15.9062512715658,41.4583358764648,519855789,47,186.719779123927,0.152028232812881,1.35084928,,14.1713533333333,,,-52.5000038146973,,519853636,28.2189992507034,150.0,328.0,1250.0,1.12772,14.1394,1.02316,-36.9375,-29.1354179382324,-50.7291679382324,519855793,1.17094,14.1713533333333,1.43421333333333,-55.5000038146973,-52.5000038146973,-77.5208371480306,3.46275737208836,1.53657105666799,3.67198703413059,-82.125,-77.1061859130859
0.170608896410678,141.763333333333,15.5549982616687,0.0950539956803455,1.23398,8.02582,1.02518,-53.4687538146973,-52.6666692097982,-52.5625025431315,False,False,False,657521513,63.120128,0.07694,1.23202,8.02367333333333,1.02348333333333,48.40625,49.8750012715658,47.9218781789144,616900539,48,91.0937488079071,0.104358598589897,1.131344,,,,,,,571644618,28.0351926321901,110.0,175.083323160807,1230.0,1.23156,8.02317333333333,1.02304333333333,-41.8437538146973,-42.0729204813639,-46.0885435740153,616900455,1.6472,8.02611333333333,1.02526,-56.0312538146973,-52.8333358764648,-52.6354192097982,4.14587822112228,4.37827758405355,3.97844883137748,-90.4062576293945,-70.5302352905273
0.132232475211737,164.604,-8.18999989354863,0.120815450643777,1.20352,4.42820666666667,1.02596,-49.5937538146973,-49.4062512715658,-52.0729179382324,False,False,False,528612426,122.498744,0.0655000000000001,1.20046,4.42511333333333,1.02372,38.9687538146973,38.8020846048991,35.7708358764648,528611056,37,154.374927282333,0.160125195980072,1.115323776,,4.49131333333333,,,-53.9895858764648,,528609885,34.1272573634218,90.0,85.0833333333333,979.999938964844,1.19982,4.42444666666667,1.02308666666667,-37.34375,-38.6979179382324,-45.4166679382324,528611060,1.30372,4.49131333333333,1.20957333333333,-54.0312538146973,-53.9895858764648,-69.0000025431315,3.39783624261988,3.51794758686169,3.09606571987874,-79.96875,-68.331916809082
,,-6.32999945862633,0.0152619589977221,1.10804,5.97253333333333,1.025976,-59.5937538146973,-39.5833358764648,-58.2125022888184,False,False,False,528637379,82.894888,0.0293000000000001,1.10558,5.97016,1.023772,28.7812519073486,8.48958349227905,36.2437515258789,528632119,41,150.000005960464,0.035133209079504,1.184008832,,6.05824666666667,,,-52.5104179382324,,528631988,27.2939156796162,90.0,123.666664123535,620.0,1.1044,5.96789333333333,1.02312,-34.46875,-30.4687512715658,-38.0500038146973,528632123,1.1083,6.05824666666667,1.211496,-59.75,-52.5104179382324,-68.66875,2.36850797042102,1.30833795999794,3.40558234147441,-85.3437576293945,-67.5131988525391
0.0698546567197531,191.975,3.66249999078638,0.0942249240322452,1.15156,3.96764,1.02661333333333,-54.2187538146973,-53.5416679382324,-55.2291679382324,False,False,False,571462720,107.396608,0.07074,1.14826,3.96436,1.02372,45.8125038146973,43.3854179382324,42.7187538146973,571452328,56,133.906289935112,0.211728051304817,2.685042432,,4.02557333333333,,,-59.1770846048991,,571450845,32.8486050995939,110.0,73.5833333333333,1070.0,1.14772,3.9638,1.02321333333333,-38.3125038146973,-41.3229192097982,-45.5937525431315,571452332,1.18664,4.02557333333333,1.15322666666667,-59.4062538146973,-59.1770846048991,-70.6145884195964,3.97898748609009,4.08217015686426,3.9360886155863,-84.96875,-68.9297027587891
0.0028403150905965,35.8422222222222,24.5650010749499,0.445860923577338,1.14682,1.51918,1.025736,-64.03125,-66.968755086263,-66.9875045776367,False,False,False,613530235,436.937152,0.02938,1.14476,1.51694,1.023716,45.0625,45.5625,41.8375022888184,613507246,32,507.031440734863,0.10254330188036,1.47662144,,1.52003333333333,,,-67.5104217529297,,613396614,49.3902341838368,20.0,12.4166666666667,270.0,1.14422,1.51636666666667,1.023228,-40.3125038146973,-43.7812512715658,-43.7562538146973,613507225,1.14786,1.52003333333333,1.027748,-64.4687576293945,-67.5104217529297,-68.08125,2.64064854396409,2.59236859937172,2.53638119956615,-108.8125,-63.3948211669922
,,10.0649991813251,0.0083333308680533,1.13236,29.4344533333333,1.025104,-45.3437538146973,-52.9791704813639,-50.2000015258789,False,False,False,541570533,30.82267,0.0717400000000001,1.13026,29.4326466666667,1.02352,48.6875038146973,49.2916692097982,49.8187515258789,541566986,89,24.3749991059303,0.241413876414299,1.17896768,,,,,,,541566300,17.2447538298735,490.0,710.333312988281,3170.0,1.1298,29.4321666666667,1.023076,-38.03125,-41.4166679382324,-49.0750015258789,541566990,1.2073,29.4625333333333,1.113836,-57.9375038146973,-53.4062538146973,-72.4875030517578,3.60348167004629,3.5656211421687,3.63137638777022,-76.46875,-72.4658660888672
0.326610911653484,99.804,27.0675010183297,0.336702117684633,1.15156,1.79045,1.02474,-54.5000038146973,-56.5781288146973,-56.0937538146973,False,False,False,569083462,2425.824,0.0292000000000001,1.1501,1.78894,1.02354,24.25,24.4531259536743,24.6562519073486,569077813,37,387.499928474426,0.385650604963303,1.260925184,,,,,,,569075240,27.2088089833982,30.0,19.1875,380.0,1.1496,1.78842,1.0231,-41.21875,-42.5312519073486,-43.9375,569077820,1.15156,1.79057,1.27132,-54.5000038146973,-56.7656269073486,-68.53125,1.88797425112537,1.9710086288678,1.90783970137781,-97.09375,-69.0075378417969
,,-9.83499913453922,0.0265624935759446,1.14838,26.9621733333333,1.02544666666667,-45.3437538146973,-50.8958358764648,-49.3125,False,False,False,545641715,28.882844,0.08558,1.14618,26.9600066666667,1.02369333333333,52.1875038146973,52.1041692097982,49.3645858764648,545626907,94,28.437614440918,0.0691244155168533,1.334258944,,,,,,,545612828,17.0509843129832,510.0,648.458333333333,2890.0,1.14566,26.9594733333333,1.02318666666667,-38.0,-41.2083358764648,-47.6250012715658,545626891,1.25024,27.0127,1.11545333333333,-52.3125,-51.2708371480306,-71.1562525431315,3.83005794610199,3.9423053653638,3.62351259837281,-73.4375076293945,-70.0852813720703
,,12.3874990126671,0.176690211907164,1.40994,4.40560666666667,1.025335,-51.8750038146973,-55.6875012715658,-55.4687538146973,False,False,False,529955834,110.580048,0.2423,1.40796,4.40366,1.02362,46.8437538146973,45.2708346048991,47.6875028610229,529893689,50,141.874998807907,0.0575902201235294,1.293909248,1.46372,4.43002666666667,,-54.5312538146973,-58.8125025431315,,529889679,21.0058056592473,70.0,84.5416666666667,770.0,1.40734,4.40304666666667,1.023075,-37.5937538146973,-45.5625038146973,-49.1015634536743,529893731,1.46372,4.43002666666667,1.66702,-54.5312538146973,-58.8125025431315,-71.015625,2.96593122668068,3.26930940189889,3.34542402038982,-86.7812576293945,-70.9719085693359
0.0973820330564197,64.4642857142857,11.6799989818839,0.236283190363335,1.17792,3.89938666666667,1.025324,-49.9687538146973,-51.4479192097982,-52.0437530517578,False,False,False,613530941,162.995072,0.0451000000000001,1.17576,3.89702,1.023512,50.34375,50.5520846048991,48.4625015258789,613507578,45,212.812498211861,0.112903833389282,1.66134208,,,,,,,613445682,28.3111703351606,40.0,71.9166641235352,479.999969482422,1.17524,3.89647333333333,1.023028,-38.5000038146973,-39.9375012715658,-43.35625,613508027,1.17804,3.89952666666667,1.20584,-50.0312538146973,-51.5729166666667,-63.4937538146973,3.82511118488173,4.04170660059733,3.57941273419145,-88.7187576293945,-65.409782409668
0.237129801681897,140.12,-51.7525015897302,0.134246447270008,1.18064,5.55668,1.025105,-55.90625,-56.8854204813639,-56.7421913146973,False,False,False,571705575,120.660584,0.06402,1.1786,5.55426666666667,1.023075,39.71875,33.7604166666667,37.3671894073486,571696883,24,116.640664637089,0.0438904464244843,1.379158016,,,,,,,571691416,23.4035464993698,100.0,113.333333333333,1150.0,1.17804,5.55364666666667,1.022545,-45.2812538146973,-46.9166692097982,-44.7421894073486,571696885,1.18086,5.55688666666667,1.24897,-56.0625,-57.0208358764648,-75.0937538146973,3.29908545610239,3.14796725701351,3.13867376096834,-100.28125,-74.5411682128906
0.260774287801304,13.69,17.2575009838027,0.551335819032935,1.96752,8.11287333333333,1.024155,-61.8437538146973,-60.7500038146973,-63.3828153610229,False,False,False,528078601,126.059776,0.26014,1.96666,8.11183333333333,1.023375,22.9062519073486,19.0625006357829,26.8359394073486,528014720,37,109.73221808672,0.061053242534399,1.255980032,,,1.032985,,,-67.8671951293945,528011097,11.2716495356423,190.0,177.33332824707,590.0,1.9663,8.11146,1.02309,-42.1562538146973,-32.3854173024495,-43.2109375,528014724,1.96764,8.11314,1.032985,-62.0937538146973,-61.0104204813639,-67.8671951293945,1.48088128871422,1.37661216032017,1.52569377582154,-82.1562576293945,-69.4866256713867
0.512208957917366,244.106666666667,-76.1324961406906,0.0823359072774759,1.14952,9.82786,1.025536,-49.9687538146973,-53.9062512715658,-52.6000038146973,False,False,False,541543104,67.98776,0.06366,1.14728,9.82562,1.023584,49.0,50.4375,49.4125015258789,541541250,60,72.9687139391899,0.151286453008652,1.212976384,,,,,,,541540569,20.4481666233022,210.0,220.125,1560.0,1.14678,9.82513333333333,1.023128,-37.15625,-38.9270846048991,-44.2750015258789,541541236,1.25614,9.82798,1.13042,-53.3750038146973,-54.0208346048991,-71.6250015258789,4.1117841493268,4.25547519082076,4.20882147383158,-79.1562576293945,-70.7050552368164
0.0068197990865411,31.1658064516129,-17.3899991628979,0.584508547008547,1.0612,2.37292,1.02458,-65.75,-66.9687525431315,-67.1062545776367,False,False,False,571534313,303.065856,0.01474,1.06018,2.37171333333333,1.023452,23.5625,19.1770839691162,19.9250015258789,571527239,46,190.312504768372,0.348571181297302,1.765858304,,,,,,,571525618,10.6623203984779,70.0,33.7916660308838,270.0,1.05982,2.3713,1.023112,-45.8125038146973,-48.7916704813639,-50.7375022888184,571527213,1.06126,2.37324,1.0504,-65.875,-67.3125,-71.1937545776367,1.6768280704683,1.66388156660297,1.81948380305787,-91.03125,-69.8966445922852
0.0194582646834857,98.6222222222222,-36.4875005209875,0.165354330708661,1.33272,6.25467,1.026075,-50.34375,-53.2578163146973,-54.3671884536743,False,False,False,569835645,88.066336,0.0604600000000002,1.33014,6.2518,1.023555,33.9375038146973,38.3906269073486,38.3593778610229,569823251,67,174.999997019768,0.339313626289368,2.000718848,,6.29489,,,-59.2187519073486,,569821470,35.5803037394504,40.0,130.78125,1070.0,1.32956,6.25123,1.02307,-41.25,-44.2187528610229,-43.5625009536743,569823233,1.38444,6.29489,1.817435,-60.0312538146973,-59.2187519073486,-67.9296875,3.32650095959418,3.69586664145569,3.2642316496462,-87.0000076293945,-67.4519195556641
,,21.3100006390965,0.0109865470852018,1.1281,13.0853333333333,1.02504,-54.0,-57.7604179382324,-57.9687519073486,False,False,False,508286307,84.865248,0.0564800000000001,1.12608,13.0830533333333,1.02354,39.3437538146973,37.8645833333333,40.1718769073486,508285596,61,63.1250366568565,0.188951924443245,1.781602432,,13.10746,,,-59.3958358764648,,508285405,19.4982256535494,330.0,301.583323160807,2480.0,1.12562,13.0825466666667,1.023105,-36.1562538146973,-36.6979179382324,-46.9765625,508285600,1.15682,13.10746,1.16847,-57.2500038146973,-59.3958358764648,-78.9218769073486,3.31205003660175,2.99225208934593,3.00286997604158,-85.71875,-78.5668792724609
0.0244860244860264,4.66666666666667,57.5149962378507,0.308522742804416,1.07958,9.41399333333334,1.023925,-68.25,-64.6458358764648,-68.2734413146973,False,False,False,488388596,243.750928,0.0227600000000001,1.079,9.41322666666667,1.02337,23.0625019073486,11.2291673024495,27.4140639305115,488386967,35,111.093789339066,0.0795503631234169,1.771785216,,,,,,,488386504,7.07325262174939,130.0,209.791666666667,600.0,1.07868,9.41282666666667,1.02306,-42.8125038146973,-37.8645858764648,-51.7500009536743,488386974,1.07962,9.41408666666667,1.30152,-68.34375,-64.7500025431315,-83.1328182220459,1.15957403460519,0.936900141693351,1.22795523464478,-95.25,-82.7666015625
,32.7000000000002,28.3474996948252,0.0384111389573812,1.20154,11.5047733333333,1.02688,-49.78125,-51.7812538146973,-51.2968778610229,False,False,False,539922909,52.077624,0.11036,1.1976,11.5003666666667,1.023835,50.875,50.6458333333333,50.2812519073486,539683135,45,95.937617123127,0.118370182812214,1.312714752,1.20276,11.5661666666667,,-50.5,-53.7500038146973,,539661667,43.2799456701034,150.0,261.958333333333,1740.0,1.19698,11.49972,1.023235,-40.5,-40.7708371480306,-48.2968769073486,539683139,1.20276,11.5661666666667,1.240565,-50.5,-53.7500038146973,-71.7656269073486,5.2544202527032,4.85647823898927,4.63529655462862,-82.53125,-71.5268402099609
0.231515318586111,123.594285714286,-31.0849991580486,0.125505907751069,1.14774,8.37966666666667,1.02513333333333,-46.8750038146973,-47.4895858764648,-49.3906281789144,False,False,False,545207726,82.461248,0.0584,1.14602,8.3776,1.02351666666667,28.75,38.3020858764648,37.817710240682,545190716,62,115.781247615814,0.164411932229996,1.22986816,,8.42862666666667,,,-52.4687525431315,,545188312,24.0800684916066,100.0,183.958333333333,1170.0,1.14552,8.37704,1.02303,-40.59375,-37.2916679382324,-43.9322929382324,545190674,1.14784,8.42862666666667,1.02522,-47.0000038146973,-52.4687525431315,-49.4843781789144,2.98787943266119,2.94589861104554,2.8663834286723,-86.2812576293945,-73.2324066162109
,,14.3649996411921,0.0549999999999999,1.20258,5.24691333333333,1.02703333333333,-50.09375,-51.6250012715658,-53.1458333333333,False,False,False,508311349,104.712376,0.0778400000000001,1.19858,5.24256,1.02393333333333,20.8437519073486,25.927085240682,18.5625006357829,508310121,36,178.125038743019,0.139257654547691,1.215837568,,5.25111333333333,,,-52.9375012715658,,508309244,34.5012178199427,90.0,105.541661580404,1009.99993896484,1.19772,5.24172,1.02329333333333,-34.1875038146973,-35.3958346048991,-26.4895839691162,508310125,1.26734,5.25111333333333,1.21798666666667,-52.4687538146973,-52.9375012715658,-66.968755086263,2.48016606921055,2.69443968071234,2.19549891491084,-87.0000076293945,-66.8036117553711
,,37.0875032074114,0.0492027342746454,1.31776,12.8693333333333,1.025696,-50.15625,-54.2708346048991,-53.1625030517578,False,False,False,530108758,50.223736,0.0921000000000001,1.3148,12.8667066666667,1.023564,50.7500038146973,51.0416704813639,50.7000022888184,529983005,74,72.6562514901161,0.148800507187843,1.308736,,,,,,,529979375,32.5966099352468,200.0,296.166666666667,2330.0,1.31432,12.8662,1.023104,-35.34375,-37.7187525431315,-44.9000022888184,529982993,1.38438,12.8909066666667,1.19886,-58.0937538146973,-54.5312538146973,-72.2187515258789,4.22771337980925,4.22295906946644,4.21847485276653,-79.4687576293945,-71.4419708251953
0.0627875960905819,312.346666666667,-45.8350024601373,0.513530778164924,1.10142,7.35308,1.02422333333333,-67.28125,-62.3541679382324,-67.0104204813639,False,False,False,541539993,115.970464,0.02962,1.10054,7.3519,1.02334,29.5000019073486,19.6979166666667,34.0572935740153,541538659,32,113.281324505806,0.161652967333794,1.143853312,,,,,,,541536216,10.8321689061591,90.0,158.25,590.0,1.10016,7.35146,1.02299666666667,-38.21875,-32.4479179382324,-45.6041692097982,541538663,1.10148,7.35316666666667,1.45603,-67.3437576293945,-62.5000038146973,-70.4375012715658,1.4156929608869,1.40107272231111,1.60095034882605,-82.71875,-69.1416397094727
0.0342132541321015,48.7915789473684,-6.03249958666674,0.434384958293916,1.08862,4.66332,1.047168,-64.8125,-66.7708384195964,-65.5000015258789,False,False,False,508385231,279.385504,0.0198800000000001,1.08736,4.66163333333333,1.045792,19.8125,18.6458333333333,22.3437511444092,508382992,43,221.875071525574,0.158957898616791,1.472246272,,4.66426,,,-67.5208333333333,,508381644,16.1917743765709,60.0,91.0416666666667,430.0,1.08698,4.66120666666667,1.04546,-35.65625,-32.3125012715658,-34.2312515258789,508382976,1.08882,4.66426,1.262836,-65.0,-67.5208333333333,-73.0000015258789,1.53646451070962,1.42348807192022,1.57636473815818,-97.125,-72.5251770019531
,91.72,10.8974999163403,0.0283333341386581,1.13272,5.19275333333333,1.025056,-54.25,-58.0312512715658,-56.4000015258789,False,False,False,549198225,126.771912,0.0567,1.13102,5.19086666666667,1.023484,38.90625,40.0729192097982,35.3500007629395,549125484,65,139.866054058075,0.250476449728012,1.379629568,,,,,,,548421866,26.3192883097222,170.0,104.25,1120.0,1.13048,5.19028666666667,1.022984,-39.2812538146973,-43.0520846048991,-46.9062507629395,549125488,1.13296,5.19302,1.164568,-54.46875,-58.2187525431315,-73.43125,2.56164442448111,2.50260909703493,2.3825060922642,-87.6875076293945,-72.3435821533203
,,-9.59749987816672,0.0729850862510962,1.14172,13.6501933333333,1.025516,-51.0625038146973,-53.4479192097982,-53.7000030517578,False,False,False,576127530,56.1226,0.06158,1.1391,13.6475866666667,1.02352,51.5000038146973,50.3541679382324,49.8375015258789,576122277,37,61.4062286913395,0.234223037958145,1.312042112,,13.6831933333333,,,-54.5937525431315,,576113488,19.5198575711357,180.0,315.666666666667,1260.0,1.13864,13.6471066666667,1.023076,-41.0,-41.7812512715658,-47.7625022888184,576122279,1.20488,13.6831933333333,1.113308,-55.84375,-54.5937525431315,-66.5312515258789,5.08449468680553,5.07762288781556,4.4513829428455,-78.8750076293945,-65.8158645629883
0.0726066127162669,228.54,-29.3300002340846,0.0657836722229932,1.20108,12.34582,1.02614,-49.78125,-52.9895858764648,-51.6250015258789,False,False,False,537251117,57.130152,0.0867600000000002,1.1982,12.343,1.023632,47.21875,47.3020858764648,47.1125030517578,537228291,82,36.7187485098839,0.0648308172821999,2.150536192,,,,,,,537204107,19.4639031776071,330.0,283.083333333333,1690.0,1.19758,12.3422933333333,1.02308,-37.0,-39.1875025431315,-43.24375,537228295,1.20152,12.34612,1.371264,-49.9687538146973,-53.1666704813639,-64.5125015258789,3.77513068235091,3.25708845021525,3.75935218127431,-69.1250076293945,-64.6037826538086
0.0107158295224477,62.852,7.52499972056508,0.222694717994629,1.2751,2.06106,1.02573,-52.8437538146973,-55.7812538146973,-56.8046903610229,False,False,False,528616515,234.661056,0.02806,1.27248,2.05872,1.023555,39.78125,40.375,39.8437519073486,528612772,53,247.410714626312,0.112410768866539,1.2283008,,2.09016,,,-59.1250038146973,,528611949,33.3238925604726,40.0,26.0,330.0,1.27186,2.05814,1.02304,-38.125,-38.5000038146973,-43.2890625,528612754,1.29344,2.09016,1.06415,-57.2187538146973,-59.1250038146973,-62.2812538146973,2.5823070474782,2.8498920917878,2.83594118070675,-86.9687576293945,-59.171257019043
0.0312342203898036,78.305,2.65750008804355,0.207142857142857,1.19228,3.58760666666667,1.02552333333333,-55.2500038146973,-55.4791692097982,-55.3958365122477,False,False,False,529951326,202.083184,0.04742,1.18992,3.58513333333333,1.02349,35.8437538146973,36.1770846048991,35.130210240682,529878817,42,197.187498211861,0.180053174495697,1.066137984,1.19304,,,-55.8125038146973,,,529877874,28.2625355378196,50.0,64.1666641235352,570.0,1.18928,3.58449333333333,1.02296,-40.375,-40.2604166666667,-45.3385435740153,529878803,1.19304,3.58836666666667,1.43777333333333,-55.8125038146973,-55.8750038146973,-64.1770865122477,3.24216667756986,3.1231231841217,3.20565060626028,-86.3750076293945,-63.7235221862793
0.233887178235608,202.675,29.012499000447,0.10554435483871,1.1354,10.3197466666667,1.02571333333333,-50.0312538146973,-52.5625038146973,-53.1458358764648,False,False,False,529924701,62.931804,0.0619400000000001,1.13316,10.3175733333333,1.02375333333333,36.125,37.2187512715658,36.0000025431315,529824898,60,73.4373852610588,0.109281107783318,1.25911488,,,,,,,529822280,15.2101837653372,270.0,232.416661580404,1570.0,1.13252,10.3169,1.02314666666667,-40.9375038146973,-44.0312512715658,-44.5000025431315,529824902,1.13566,10.3620266666667,1.12941333333333,-50.25,-52.8854192097982,-74.5416692097982,2.67381076135728,2.4828415058534,2.50809115185311,-82.09375,-73.4922332763672
0.0815253257384034,60.24,-44.7700002070839,0.281818176553926,1.20584,4.59642,1.025104,-54.7812538146973,-56.9479204813639,-54.8937515258789,False,False,False,569838929,178.84584,0.04226,1.20402,4.59452,1.023512,47.53125,47.6979192097982,47.2125015258789,569824994,38,178.593829274178,0.153526559472084,1.574721664,,,,,,,569823971,20.5637992735162,50.0,89.3333333333333,509.999969482422,1.20356,4.59405333333333,1.023092,-43.0937538146973,-44.1354192097982,-46.7562515258789,569825001,1.20584,4.59660666666667,1.197252,-54.7812538146973,-57.0833371480306,-71.5187561035156,3.82262540970458,3.71009935327583,3.60580262460579,-90.9062576293945,-70.7429046630859
,7.49999999999984,-65.4949983136532,0.0201058207046149,1.19046,8.66501333333333,1.02526,-43.4375038146973,-46.2395846048991,-44.4947942097982,False,False,False,520459753,73.158304,0.0813000000000001,1.18852,8.66274666666667,1.02366666666667,39.9375038146973,40.8020846048991,40.1093775431315,520456879,59,112.499997019768,0.241212040185928,1.540110976,,8.73444666666667,,,-48.5000025431315,,520454345,25.7722628475565,110.0,191.041661580404,1780.0,1.18786,8.66206,1.02307,-32.9062538146973,-31.7083365122477,-43.0729173024495,520456863,1.19054,8.73444666666667,1.02526666666667,-43.5000038146973,-48.5000025431315,-44.5156275431315,2.47050947176611,2.66321070196181,2.55286095217545,-79.65625,-68.50146484375
0.111152442115295,193.22,23.2149993673048,0.084717971141233,1.12614,6.75714666666667,1.02604,-53.8125038146973,-57.4062525431315,-55.8125023841858,False,False,False,657521659,91.016552,0.05562,1.12336,6.75411333333333,1.023585,54.5937538146973,52.3437538146973,54.3320326805115,616900833,55,75.625017285347,0.0637305825948715,2.557699584,,6.75806666666667,,,-58.0937525431315,,571450870,17.8351727774856,180.0,143.333333333333,979.999938964844,1.12282,6.75354,1.0230775,-40.4375,-44.1562512715658,-49.0507841110229,616900835,1.1263,6.75806666666667,1.1532975,-54.0312538146973,-58.0937525431315,-71.3242206573486,4.70640142246019,4.61385364921273,4.61499907356202,-87.65625,-70.7360153198242
0.102149192872709,137.59,-6.2950001114559,0.0998975294783567,1.15188,8.99857333333333,1.0254,-49.6562538146973,-53.4895858764648,-53.6250022888184,False,False,False,517721691,87.878776,0.05152,1.14966,8.99662,1.023524,49.5000038146973,50.8437538146973,49.5062522888184,517694353,65,82.5001150369644,0.0576147995889187,1.528060672,,,,,,,517693603,18.249769233915,250.0,199.416666666667,1240.0,1.14916,8.99612,1.02306,-40.5625038146973,-42.1666679382324,-47.5250030517578,517694339,1.20534,9.06094666666667,1.148152,-52.96875,-54.0833358764648,-74.9375045776367,3.80570359819861,3.83281621001723,3.82967865436353,-83.8125076293945,-74.3676528930664
0.958172632951274,184.09,33.6100001996353,0.0642856952122313,1.20368,23.6275266666667,1.026396,-50.0312538146973,-51.2291666666667,-51.1562522888184,False,False,False,539879830,26.181818,0.0789600000000001,1.20122,23.6248666666667,1.023832,54.3125,52.7500038146973,51.6062530517578,539563073,68,34.843634814024,0.0170923937112093,1.231544064,,,,,,,539560727,19.5621712253388,470.0,565.125,2210.0,1.2006,23.6242066666667,1.023168,-44.3750038146973,-46.2708346048991,-48.5937530517578,539563078,1.20386,23.6653266666667,1.15206,-50.15625,-51.6458358764648,-71.9250030517578,3.67806828867649,3.96840023019542,3.58145396967345,-75.65625,-71.4435272216797
0.034852149386659,38.7816666666667,-12.7724992041167,0.317685587395262,1.17342,1.93306666666667,1.02528666666667,-54.25,-55.9270871480306,-54.6666704813639,False,False,False,576121267,420.338016,0.0316000000000001,1.17148,1.93094666666667,1.0235,46.1250038146973,46.1458358764648,45.7187538146973,576113379,47,302.656233310699,0.143738895654678,1.78024192,,,,,,,576101141,28.6773051997703,20.0,22.7499993642171,370.0,1.17092,1.93039333333333,1.02299333333333,-41.9062538146973,-41.9687512715658,-45.0729179382324,576113387,1.17358,1.93322666666667,1.15657333333333,-54.3750038146973,-56.0833371480306,-59.9895871480306,3.50163797466686,3.73607159592229,3.46209474168865,-99.5000076293945,-70.2862854003906
,,-91.249993672271,0.038469046248059,1.15632,18.6622933333333,1.02594,-44.3125038146973,-45.0625038146973,-48.8541704813639,False,False,False,542151436,41.852696,0.07952,1.15296,18.65892,1.02364,51.5625038146973,50.2604204813639,52.4895871480306,542147280,90,59.8437488079071,0.115195550024509,1.258396544,,18.7000666666667,,,-46.9062512715658,,542141883,29.2011322628,390.0,440.958333333333,2350.0,1.15242,18.6583133333333,1.02314666666667,-31.2812519073486,-31.7187506357829,-42.5937525431315,542147284,1.2296,18.7000666666667,1.16304,-47.1562538146973,-46.9062512715658,-66.1979192097982,4.2165463369028,4.10783149687598,3.77724196112511,-71.1875,-65.3887405395508
0.497886473429951,132.48,-4.21750004711563,0.0933035739161525,1.13828,7.21275333333333,1.025408,-47.8750038146973,-51.7500025431315,-50.8937522888184,False,False,False,541614490,73.776832,0.06324,1.13606,7.21031333333333,1.023528,36.4375,43.9270846048991,36.8687507629395,539564591,53,94.6875363588333,0.189894288778305,1.669464576,,7.25746666666667,,,-55.2812538146973,,539561039,29.2737255186978,150.0,154.75,1330.0,1.1356,7.20986666666667,1.02312,-40.5625038146973,-41.1458358764648,-43.5312530517578,539564595,2.01848,7.25746666666667,1.263036,-52.9375038146973,-55.2812538146973,-68.94375,4.42521840140359,4.92076719173912,3.82171644351164,-79.65625,-68.754524230957
,36.5200000000001,-96.052492348786,0.0080583651135798,1.23608,17.3772,1.025612,-45.1875038146973,-49.1770871480306,-50.2875030517578,False,False,False,541565150,36.265972,0.08046,1.23312,17.3746466666667,1.023572,50.1875038146973,49.3333371480306,50.3687530517578,541563027,79,41.2500388920307,0.154678210616112,1.1527808,,17.4410866666667,,,-54.1666679382324,,541562659,19.3837760112243,280.0,408.833333333333,2390.0,1.23256,17.37406,1.02306,-38.90625,-40.4166692097982,-51.0562530517578,541563015,1.32324,17.4410866666667,1.134396,-59.34375,-54.1666679382324,-72.1937515258789,4.06206955847644,4.1241040292026,4.34606269579445,-75.40625,-70.5483169555664
0.023173257126797,66.34,-16.7899999459209,0.246271509792766,1.67972,2.64374,1.02563,-50.5,-50.1354179382324,-50.4570322036743,False,False,False,567740180,195.775744,0.0400200000000002,1.67716,2.64131333333333,1.0235725,46.0,45.4270846048991,43.5234398841858,567738086,34,239.99996483326,0.0997856706380844,0.953994816,,2.65925333333333,,,-51.2708371480306,,567736655,27.7252971253676,30.0,40.5,340.0,1.67662,2.64079333333333,1.0231125,-38.125,-40.3333346048991,-43.6757831573486,567738091,1.72708,2.65925333333333,1.354825,-53.5000038146973,-51.2708371480306,-61.1484408378601,3.6804865152931,3.5841585743574,3.34392715777375,-88.59375,-61.7497863769531
0.0482201174490179,63.5426666666667,20.4725004310236,0.277128712871287,1.12992,3.51716,1.0266125,-50.40625,-49.1718788146973,-48.7265644073486,False,False,False,657522491,217.598272,0.0373000000000001,1.12748,3.51431,1.02463,40.59375,35.9140629768372,37.6289081573486,587814547,37,251.406311988831,0.127179116010666,1.715770624,,,,,,,587776508,27.2107198702048,50.0,62.34375,590.0,1.12684,3.51359,1.0240325,-37.5,-36.8828144073486,-41.2851572036743,587814516,1.13012,3.535055,1.2529875,-50.5625,-50.2187509536743,-68.4414091110229,2.83256385829041,2.74952405557243,2.63967971935366,-97.625,-67.5810317993164
,,33.9550020045376,0.0047667376346064,1.11754,11.1627266666667,1.025944,-46.5,-44.8020858764648,-51.6687522888184,False,False,False,508390189,63.317076,0.0826800000000001,1.11324,11.1593266666667,1.023648,39.5625,42.3125038146973,41.6062530517578,508389166,70,53.7499822676182,0.0214905720204115,1.466266752,,11.1801533333333,,,-49.3541692097982,,508387918,23.5013804961359,410.0,253.458333333333,1650.0,1.11264,11.1587133333333,1.023132,-30.9375019073486,-30.864585240682,-40.4375015258789,508389170,1.12806,11.1801533333333,1.595084,-49.0937538146973,-49.3541692097982,-60.7875015258789,4.48304237949012,4.07920668278536,4.05931213211706,-67.0,-60.6011199951172
,,-10.175000599022,0.0080712788259958,1.14362,23.52274,1.025472,-47.375,-53.1770871480306,-48.4375030517578,False,False,False,531543439,41.922672,0.0856400000000002,1.14124,23.52024,1.023576,47.84375,49.0000025431315,46.2312522888184,531532844,123,31.7187123000622,0.113244742155075,1.220092416,,23.5828666666667,,,-54.1770833333333,,531517778,17.0616528308986,530.0,562.5,2890.0,1.14074,23.51972,1.023096,-40.59375,-43.8645858764648,-45.5062522888184,531532824,1.2218,23.5828666666667,1.025544,-59.2500038146973,-54.1770833333333,-48.4812515258789,4.13845114453106,4.19172092254325,4.06117369400619,-76.0000076293945,-72.1290969848633
0.0509372859915687,123.294285714286,-29.9249999780038,0.103134240094619,1.18808,11.2060533333333,1.025855,-57.8750038146973,-57.4270871480306,-62.6796903610229,False,False,False,505690617,58.307052,0.05558,1.18594,11.2038666666667,1.02371,33.09375,43.5104192097982,30.6953129768372,505689481,59,78.2814025878906,0.0682475864887238,1.966749312,,,,,,,505689242,17.0100297223835,280.0,254.583323160807,1120.0,1.18528,11.2032466666667,1.023115,-41.6875038146973,-42.8854179382324,-40.4765625,505689469,1.18828,11.20622,1.47375,-58.0312538146973,-57.5833358764648,-71.0312538146973,2.23604968678468,2.87364347688355,2.24438226490566,-78.1562576293945,-70.3036804199219
,,0.312500025856366,0.0399999944860282,1.15598,9.88738,1.025844,-50.4375038146973,-52.0729204813639,-52.1687507629395,False,False,False,528770263,64.144608,0.0877000000000001,1.15362,9.88509333333334,1.02372,45.4375038146973,43.4479192097982,46.2500030517578,528763941,61,95.4688265919685,0.0624550469219685,1.501085184,,9.97009333333333,,,-57.4166704813639,,528758496,31.7362892981824,230.0,221.625,2200.0,1.15302,9.88438,1.023132,-36.84375,-46.5833384195964,-45.2750015258789,528763946,1.26684,9.97009333333333,1.182104,-51.53125,-57.4166704813639,-71.0250022888184,3.11456946580139,3.02941412517169,3.31697625490332,-85.375,-74.398551940918
-0.0155212939799479,22.3036363636364,-6.22749985260129,0.581850311583053,1.77568,7.21011,1.02442,-48.71875,-48.4687519073486,-56.9635454813639,False,False,False,562383350,141.61552,0.00824,1.77446,7.20862,1.02354333333333,13.2500009536743,6.875,23.0364586512248,562382230,40,127.343788743019,0.15147103369236,1.225616896,,,,,,,562380252,9.12245031639343,210.0,154.6875,400.0,1.77406,7.2082,1.02322333333333,-24.71875,-26.1093759536743,-39.7083346048991,562382234,1.7757,7.21029,1.0428,-48.7500038146973,-48.5625019073486,-61.0729192097982,1.45755638026551,1.42414778997567,1.57962287006701,-74.4375076293945,-59.3481941223145
,5.02000000000002,57.9225001295924,0.0039999996032712,1.09082,21.04703,1.02475333333333,-48.4687538146973,-54.1093769073486,-48.9687538146973,False,False,False,526874974,42.461108,0.0443800000000001,1.08908,21.04499,1.02334,46.96875,45.5625019073486,48.0104192097982,526813533,57,39.8437492549419,0.185868054628372,1.417457408,,,,,,,526800653,20.4943257334078,350.0,500.625,2300.0,1.08864,21.0445,1.02293333333333,-40.4062538146973,-38.8906269073486,-49.9687525431315,526813537,1.09094,21.06012,1.02476,-48.5312538146973,-54.4531269073486,-49.0000025431315,4.00964886456125,3.35928550911456,3.93350561022483,-75.6875076293945,-69.6923370361328
0.0513213892277204,149.053333333333,-78.819992199719,0.12827380952381,1.20394,6.0409,1.02655333333333,-53.1562538146973,-48.9479179382324,-52.3333346048991,False,False,False,545227382,87.766304,0.0752200000000001,1.19608,6.03202666666667,1.02349333333333,28.7812519073486,14.3333342870077,40.1354166666667,545209438,34,144.771710038185,0.0849348232150078,1.132334336,,6.06025333333333,,,-54.2291704813639,,545206633,36.4842828801583,70.0,125.291664123535,1050.0,1.19524,6.03056666666667,1.02297333333333,-33.90625,-28.6250006357829,-50.2187525431315,545209442,1.22726,6.06025333333333,1.69622666666667,-58.15625,-54.2291704813639,-68.1979166666667,3.62787851382404,2.62612017721684,4.41245357204852,-83.5000076293945,-67.9262390136719
0.0941231680488233,144.243333333333,-64.7675038600859,0.134441489361702,1.32654,5.49740666666667,1.026864,-52.2812538146973,-52.9166692097982,-52.8250030517578,False,False,False,569821130,127.043168,0.06742,1.32292,5.49395333333333,1.023768,40.90625,42.5729204813639,43.1250022888184,569818945,34,128.281280398369,0.196278870105743,1.4623808,,5.55322666666667,,,-56.9791704813639,,569818704,27.1782002288428,70.0,111.833333333333,770.0,1.32228,5.4933,1.023204,-42.3125038146973,-45.3333358764648,-47.7250030517578,569818951,1.40738,5.55322666666667,1.137988,-60.6562538146973,-56.9791704813639,-69.3437530517578,4.37023427615774,4.32434594974656,4.15464525504037,-82.5625076293945,-68.1798553466797
0.009475855904753,50.0957894736842,-43.6850000617994,0.359821423648723,1.09624,2.82382666666667,1.024452,-66.875,-66.593755086263,-66.9500030517578,False,False,False,558561581,249.487296,0.0177,1.0953,2.82283333333333,1.023536,41.9062538146973,40.5937525431315,43.3687522888184,558215179,26,174.218744039536,0.275833606719971,1.33502848,,,,,,,558211203,13.0894944422616,30.0,45.0416666666667,290.0,1.09494,2.82248,1.023212,-43.1250038146973,-41.21875,-45.7875030517578,558215183,1.09636,2.82476666666667,1.032148,-67.0312576293945,-67.0000025431315,-67.2187530517578,1.85493251338719,1.84854899851952,1.87730920971534,-72.84375,-63.1149024963379
,28.4600000000002,-3.07499989013471,0.009090909117181,1.13824,6.32850666666667,1.02587333333333,-55.34375,-60.2395858764648,-56.0625012715658,False,False,False,528640441,120.262744,0.08124,1.1362,6.32611333333333,1.02388,40.3125038146973,27.7187519073486,34.6666679382324,528639037,85,117.187574505806,0.105862565338612,2.908869632,,,,,,,528638213,59.4823382330926,170.0,132.708333333333,1500.0,1.13562,6.32525333333333,1.02320666666667,-33.5312538146973,-44.1562512715658,-45.0625038146973,528639041,1.1383,6.32871333333333,1.61834666666667,-55.3750038146973,-60.3958371480306,-71.8645833333333,3.40915125848684,2.25088860544414,2.95722497537616,-86.0625076293945,-71.4560546875
,,27.1250001626644,0.0160714266251545,1.15658,12.52896,1.024672,-46.1875,-46.7812538146973,-48.0500022888184,False,False,False,508394470,45.279944,0.0947200000000001,1.15462,12.52716,1.023196,53.90625,53.8125038146973,50.3437538146973,508391751,52,85.4687094688416,0.202036082744598,1.204775424,,12.56146,,,-51.5625,,508390609,32.7517444589387,230.0,287.8125,2900.0,1.1542,12.52672,1.0228,-32.5000038146973,-31.6406259536743,-40.29375,508391755,1.24134,12.56146,1.024736,-52.0312538146973,-51.5625,-48.0937515258789,4.03622120529898,3.85904921320137,3.81677927499268,-81.5,-72.4533157348633
0.106856166732423,95.5622222222222,8.66250040448824,0.195054200542005,1.24846,5.27122666666667,1.02553,-48.6875038146973,-49.6666679382324,-50.9218788146973,False,False,False,613531072,144.288576,0.0694000000000001,1.24616,5.26882666666667,1.02379,49.21875,48.5208371480306,44.3593769073486,613508158,37,166.875079274178,0.0435646697878838,1.206592128,,,,,,,613333217,27.2658456740015,70.0,106.208333333333,660.0,1.2456,5.26824666666667,1.02328,-38.6562538146973,-39.9062525431315,-44.6406269073486,613508126,1.38718,5.30718666666667,1.21452,-53.59375,-50.2604192097982,-71.421875,3.96213677699429,4.1449315070234,3.30647066866677,-89.4687576293945,-71.0970306396484
,,-41.4874974652424,0.0728758131060869,1.15074,12.0640466666667,1.02498666666667,-55.2187538146973,-59.7500038146973,-56.2291704813639,False,False,False,488390409,72.521816,0.0534600000000001,1.1493,12.0622866666667,1.02354666666667,35.7812538146973,35.6145833333333,34.8645833333333,488388012,51,44.6875765919685,0.117779664695263,1.083429376,,,,,,,488386431,15.0258666022611,250.0,276.0,1360.0,1.14886,12.0617866666667,1.0231,-47.0,-47.7083371480306,-54.2395846048991,488388018,1.20154,12.0733666666667,1.26092,-59.2187538146973,-59.8958358764648,-73.2604242960612,3.02990733518239,2.86997681528243,3.03492507898659,-77.46875,-72.5226745605469
0.0700898593253624,67.6742857142857,3.54250006065482,0.279015544041451,1.08206,2.99649333333333,1.024795,-53.28125,-54.8854192097982,-53.4609394073486,False,False,False,508409983,420.07072,0.0277000000000001,1.08058,2.99468666666667,1.023455,36.8750038146973,39.1562512715658,38.765625,508407654,45,374.107241630554,0.107101246714592,1.21745856,,,,,,,508405843,32.4158871029493,50.0,49.375,460.0,1.08012,2.99412666666667,1.02301,-34.0,-36.5104166666667,-42.984375,508407638,1.08218,2.99665333333333,1.41931,-53.4062538146973,-55.0520871480306,-71.0781269073486,2.52847769357948,2.4559183446497,2.69315893113002,-93.9687576293945,-70.8777847290039
0.494549627079748,244.02,-18.2249978997184,0.07320826321053,1.15562,12.25112,1.0255,-41.40625,-46.1666692097982,-48.7812538146973,False,False,False,545233221,54.186836,0.0506200000000001,1.15314,12.24904,1.0236,36.4375,45.0729179382324,38.6875,545211676,57,71.2499991059303,0.256600856781006,1.573652352,,12.2980466666667,,,-52.8750025431315,,545208779,19.494948352776,220.0,280.708333333333,1470.0,1.15264,12.24858,1.02316,-36.53125,-39.9687512715658,-40.84375,545211664,1.2143,12.2980466666667,1.10834,-53.4062538146973,-52.8750025431315,-68.53125,3.93709521203107,4.42090665731409,3.53706985714054,-74.9375,-66.8324661254883
0.104418012441588,215.62,-7.35499942200457,0.0731481487947698,1.22902,7.38302666666667,1.02612,-52.6562538146973,-54.3958333333333,-55.4250030517578,False,False,False,528604697,71.985488,0.0978600000000001,1.22522,7.37945333333333,1.023596,39.46875,40.0833358764648,37.3062515258789,528602328,72,89.2187505960464,0.165251538157463,1.618306816,,7.45574666666667,,,-58.3333358764648,,528601797,34.8813107447203,170.0,158.958333333333,1810.0,1.22464,7.37886,1.023052,-40.21875,-41.5312525431315,-49.8000038146973,528602308,1.29652,7.45574666666667,1.167968,-60.3437538146973,-58.3333358764648,-74.1937515258789,4.15624362101815,4.09426755109023,3.68296603998113,-83.5937576293945,-73.6755676269531
0.0645934487393803,87.9527272727273,1.72749997900262,0.197916666666667,1.11254,3.2424,1.02724,-53.4375,-54.8645871480306,-56.625,False,False,False,528638122,270.369856,0.0278200000000002,1.10958,3.23901333333333,1.02404,28.5000019073486,35.7083346048991,31.5937519073486,528637208,48,149.531245231628,0.108318507671356,3.028706816,,3.24516,,,-56.0625038146973,,528636794,28.5890821881671,110.0,55.625,640.0,1.10886,3.23821333333333,1.02334,-44.34375,-49.6666679382324,-49.4062538146973,528637192,1.11498,3.24516,1.66976,-54.5312538146973,-56.0625038146973,-70.0312576293945,3.2004471263832,3.49613446271645,3.3218386230711,-87.2812576293945,-69.7684478759766
0.0182236979907855,170.08,25.9000008939747,0.0986596009975062,1.13308,4.28301333333333,1.02576,-52.5000038146973,-55.4166704813639,-53.0156288146973,False,False,False,592562162,117.410592,0.06894,1.13042,4.28027333333333,1.02362,53.8125038146973,53.1354179382324,51.3125038146973,592524202,39,189.999997615814,0.131534829735756,1.191293952,1.13366,,,-53.0000038146973,,,592483575,48.7366867351711,90.0,81.5,920.0,1.12992,4.27976666666667,1.02316,-36.28125,-38.0937525431315,-41.8906269073486,592524192,1.13366,4.28346666666667,1.38459,-53.0000038146973,-55.7083358764648,-68.1406326293945,4.66959343797667,4.66770673329237,4.57942029166923,-88.0000076293945,-67.0534744262695
0.0230362407976364,63.552,1.12999995645346,0.186842104269197,1.21852,2.04369,1.024835,-51.6875,-52.6562519073486,-55.5390644073486,False,False,False,613530062,435.735232,0.0227200000000001,1.21662,2.04204,1.02353,47.0937538146973,50.8906288146973,48.8281278610229,613506669,39,280.468761920929,0.0850054621696472,1.118324992,1.23592,2.0602,,-58.8750038146973,-58.2187538146973,,613476789,16.4441421408539,30.0,25.5625,330.0,1.21612,2.04155,1.02312,-36.4062538146973,-37.8281269073486,-36.8515663146973,613506678,1.23592,2.0602,1.04864,-58.8750038146973,-58.2187538146973,-64.0859422683716,3.93908670641254,3.885730062307,3.0349015070193,-92.15625,-60.8849487304688
,12.5,10.8424996411727,0.0571428546775761,1.19944,15.2907066666667,1.025824,-51.7812538146973,-54.2291679382324,-52.1500015258789,False,False,False,508309251,50.913988,0.0956400000000002,1.19696,15.2877466666667,1.023656,47.625,47.4062525431315,49.0250015258789,508307086,61,56.2500767409801,0.161690205335617,1.126491776,,,,,,,508305938,28.6587370159577,230.0,356.666666666667,2190.0,1.1964,15.2871066666667,1.02308,-38.75,-35.8125012715658,-50.8937530517578,508307090,1.19954,15.2911666666667,1.192732,-51.9062538146973,-54.5729192097982,-71.5125030517578,3.91365886560396,3.72365290046689,3.83733289936428,-77.90625,-70.7913970947266
0.001217043646842,25.3173684210526,-78.6549991804719,0.443482905982906,1.13408,3.82740666666667,1.02473,-66.8437576293945,-67.4062525431315,-68.7187512715658,False,False,False,571498045,220.562656,0.01156,1.13256,3.82582,1.02316333333333,16.71875,20.9479185740153,20.244792620341,571488841,37,156.473100185394,0.127747640013695,0.933186304,1.13564,3.82927333333333,,-68.3125,-69.1666692097982,,571483584,8.26285110036202,90.0,70.125,300.0,1.1322,3.82548,1.02286666666667,-40.59375,-41.21875,-44.9166685740153,571488827,1.13564,3.82927333333333,1.02778,-68.3125,-69.1666692097982,-72.6875038146973,1.69857670272698,1.73689413018778,1.82212220526927,-79.53125,-65.5385284423828
0.200579027508884,144.74,26.3399996258684,0.193181818181818,1.2612,4.92894,1.02574,-51.6562538146973,-51.2395858764648,-52.7447935740153,False,False,False,539880455,140.594048,0.0576000000000001,1.2584,4.92606,1.02372666666667,39.5,38.5416679382324,37.5312512715658,539579058,38,189.374923706055,0.147556304931641,1.408858496,,4.94862,,,-52.6354192097982,,539571778,31.6008470186111,70.0,97.625,830.0,1.2577,4.92540666666667,1.02315333333333,-38.84375,-37.6354179382324,-46.6770858764648,539579062,1.31878,4.94862,1.20876,-54.5937538146973,-52.6354192097982,-70.3958333333333,2.88777027393187,3.19246418249322,2.88809188260473,-90.2500076293945,-69.9684371948242
0.935143355548598,447.14,10.0674997852157,0.0609848484848485,1.22362,4.84492,1.02663333333333,-50.15625,-52.2708333333333,-52.1875012715658,False,False,False,508281454,108.204376,0.0775000000000001,1.21876,4.84012666666667,1.02373333333333,46.5625038146973,47.5833346048991,44.5937525431315,508280909,51,126.250043511391,0.151447460055351,1.506629248,,4.87066666666667,,,-53.8750038146973,,508280385,35.8612784195804,90.0,95.5,1030.0,1.21818,4.83951333333333,1.02317333333333,-35.75,-40.0833358764648,-45.1354179382324,508280913,1.3783,4.87066666666667,1.10510666666667,-55.0,-53.8750038146973,-57.5729192097982,5.03899246921333,4.71564682921236,4.45870602231962,-80.8437576293945,-66.6515884399414
0.0773188694191903,232.686666666667,7.13249988584796,0.0591442434936039,1.18714,6.52894,1.02619333333333,-54.25,-54.8958358764648,-54.6458358764648,False,False,False,571498859,69.177416,0.0861400000000001,1.18346,6.52532,1.0237,46.3750038146973,46.8437538146973,44.2708358764648,571489321,49,91.9531434774399,0.120240554213524,1.189472896,,6.57572666666667,,,-58.7500025431315,,571485304,29.4999770200943,140.0,137.624997456868,1510.0,1.18294,6.52478,1.0232,-36.9687538146973,-38.8333346048991,-45.3229192097982,571489323,1.23154,6.57572666666667,1.12375333333333,-60.4062538146973,-58.7500025431315,-69.3645858764648,4.24922440634359,4.28342097270455,3.70061829912393,-88.6875,-67.9661178588867
,26.34,36.847500745063,0.0446428593486338,1.22378,11.1138533333333,1.02533,-53.03125,-55.1562512715658,-53.3046913146973,False,False,False,530257091,56.290028,0.11276,1.22166,11.11166,1.023565,49.6875,47.3958371480306,49.4375028610229,530074058,49,76.5626132488251,0.0320061892271042,1.266770176,,11.18098,,,-57.2500025431315,,530062215,33.5107110229094,170.0,252.291656494141,2060.0,1.22116,11.1111,1.02307,-42.3125038146973,-44.3333346048991,-49.6406259536743,530074062,1.22406,11.18098,1.311055,-53.3125038146973,-57.2500025431315,-73.6484394073486,4.31024783714743,4.1412934417384,4.22889085150594,-81.59375,-73.3015899658203
0.128469990499168,258.54,-27.4499988711652,0.0935567010309281,1.44354,7.524575,1.02526,-51.3437538146973,-53.2265653610229,-52.9375025431315,False,False,False,528627161,81.998816,0.0919800000000002,1.4417,7.52287,1.0236,41.5000038146973,44.8593759536743,46.5833346048991,528625262,53,89.0625342726707,0.138797909021378,1.257374208,,7.579725,,,-55.2343778610229,,528623840,20.1555014342071,170.0,162.5625,1600.0,1.4412,7.522395,1.02313333333333,-38.3437538146973,-40.3828144073486,-45.7604179382324,528625266,1.50146,7.579725,1.29206,-55.0625038146973,-55.2343778610229,-73.8541717529297,3.13823381495142,3.20742180012385,3.39465207122303,-82.7812576293945,-73.378776550293
,747.16,-23.5274993931611,0.0794973678841966,1.12338,13.0726866666667,1.02522,-48.5937538146973,-55.8125025431315,-51.2250038146973,False,False,False,531546390,76.63568,0.05796,1.12136,13.0707533333333,1.023592,45.6562538146973,41.5625,43.6437515258789,531539557,80,47.3437495529652,0.0541216917335987,1.643452032,,,,,,,531529716,13.4334779447013,350.0,301.25,1850.0,1.1208,13.0701866666667,1.023068,-38.4687538146973,-44.7395871480306,-45.8625015258789,531539561,1.19058,13.0727666666667,1.111528,-52.09375,-55.8750012715658,-75.3312545776367,3.3230055783049,2.96199450817613,2.90714957011999,-81.2500076293945,-74.8677749633789
0.0114648819384797,40.6669565217391,23.9650001232494,0.281578947368421,1.12922,3.46656,1.024016,-56.625,-56.0104192097982,-55.8750038146973,False,False,False,527922353,252.767728,0.0276400000000001,1.12804,3.46529333333333,1.022996,36.375,34.9375012715658,32.6125022888184,527911979,28,135.937616229057,0.011403433047235,1.7597888,1.14278,3.48416666666667,,-57.7812538146973,-58.3541692097982,,527909293,16.9032471458243,70.0,61.1249974568685,700.0,1.12764,3.46488666666667,1.022656,-39.5,-41.0625025431315,-46.4375015258789,527911985,1.14278,3.48416666666667,1.824692,-57.7812538146973,-58.3541692097982,-73.7250045776367,2.39274048716553,2.38630675746818,2.50829638162019,-89.90625,-73.8878631591797
0.0185873189744907,72.4215384615385,-41.0325003141754,0.431028137772873,1.17044,1.58576,1.02486666666667,-59.4375038146973,-60.8437538146973,-61.0000038146973,False,False,False,571681950,236.77424,0.0182800000000001,1.16908,1.58426,1.02354666666667,30.1250019073486,27.6875019073486,30.0625012715658,571669148,52,222.968816757202,0.366924852132797,2.646043392,,1.6054,,,-62.5312538146973,,571659461,24.2850641544872,20.0,14.0624995231628,230.0,1.1687,1.58386,1.02319333333333,-43.2500038146973,-44.6875019073486,-46.9687525431315,571669152,1.18948,1.6054,1.04482666666667,-60.0937538146973,-62.5312538146973,-63.4479204813639,2.22039634706052,2.31034056901513,2.31693490691085,-85.1875,-59.4540863037109
,7.94000000000006,-32.037497654791,0.0872767891415525,1.10816,8.35539333333333,1.02494666666667,-52.1875038146973,-52.9166692097982,-52.8020871480306,False,False,False,508361017,105.211968,0.0484,1.10654,8.35309333333333,1.02352,47.0937538146973,45.4791679382324,46.2187512715658,508359995,36,138.125032186508,0.126911982893944,1.65001472,,,,,,,508359535,35.9041816118294,110.0,183.333333333333,1060.0,1.10616,8.35262666666667,1.02313333333333,-36.5000038146973,-32.9687525431315,-44.9479192097982,508359999,1.1082,8.35574666666667,1.025,-52.2812538146973,-53.2812538146973,-52.8437512715658,4.28196210817884,3.88017520590971,3.88984257288954,-86.125,-71.1882019042969
0.0522349208111267,100.275555555556,-40.7699984883436,0.170827161436262,1.12698,5.81986666666667,1.025128,-53.4375,-54.9895871480306,-54.5250030517578,False,False,False,527986450,175.252768,0.052,1.1252,5.81816666666667,1.023496,46.0000038146973,46.2291666666667,46.9312522888184,527948903,47,116.093821823597,0.0666413456201553,1.323558656,1.15582,5.85386,,-54.875,-58.1458358764648,,527946361,14.7731560315439,150.0,119.791659037272,969.999938964844,1.12472,5.81767333333333,1.023048,-41.9062538146973,-43.8958333333333,-48.6062522888184,527948907,1.15582,5.85386,1.41354,-54.875,-58.1458358764648,-77.4062530517578,3.00538563035511,3.13881380827302,3.3086946933512,-90.0625076293945,-77.0290832519531
,,-24.4024991186143,0.03787878773867,1.2621,5.9496,1.02631333333333,-54.0312538146973,-55.1041704813639,-53.7708358764648,False,False,False,528078368,74.75992,0.0866,1.25856,5.94627333333333,1.02377333333333,35.3125,35.2812512715658,28.4791685740153,528020953,49,134.062543511391,0.073375940322876,1.084990976,,5.99656666666667,,,-59.0000025431315,,528020422,51.3426633416141,110.0,123.333325703939,1680.0,1.2579,5.94554,1.02312666666667,-40.1562538146973,-42.0833371480306,-42.1041679382324,528020957,1.33224,5.99656666666667,1.34209333333333,-60.2812538146973,-59.0000025431315,-69.84375,3.38658692559428,3.14708098719083,2.88487640012153,-84.1875076293945,-69.6674194335938
0.057443746112976,64.9885714285714,5.76249985229094,0.252278481012658,1.166,2.71436,1.02496666666667,-54.8437538146973,-53.9895871480306,-54.8697948455811,False,False,False,531542486,178.341696,0.02884,1.16424,2.71255333333333,1.02341,43.5000038146973,44.2812512715658,42.3177089691162,531532050,41,185.000032186508,0.183132901787758,1.210890112,,2.76014666666667,,,-56.4479204813639,,531523518,23.6757510883588,40.0,42.2916666666667,430.0,1.16374,2.71202,1.02294,-42.59375,-42.8020858764648,-47.6354179382324,531532030,1.22278,2.76014666666667,1.15371666666667,-59.34375,-56.4479204813639,-67.7395871480306,3.40034823112446,3.33904469864504,3.17119887251618,-88.8437576293945,-66.4641342163086
0.022701813520607,74.42125,2.42499987104794,0.183333333333333,1.172535,2.93413,1.02535833333333,-48.2812538146973,-49.3020858764648,-51.5937519073486,False,False,False,488401731,239.364368,0.0462050000000001,1.170565,2.93215,1.02351583333333,49.78125,48.4479192097982,48.1666692097982,488401175,31,271.874994039536,0.101578496396542,2.253369856,,2.97632833333333,,,-49.9791679382324,,488400701,32.7699951271431,70.0,47.7916666666667,509.999969482422,1.169945,2.93148,1.02295833333333,-34.46875,-35.4791679382324,-45.3229173024495,488401179,1.172545,2.96342333333333,1.5627825,-48.40625,-50.0208358764648,-68.6770846048991,2.73233126871302,2.74112946727169,2.95024240182308,-98.0625076293945,-68.0699081420898
0.0889863492303729,238.32,28.8000005788103,0.0877139989535321,1.23484,8.11151333333333,1.02558333333333,-51.2500038146973,-52.4270871480306,-54.8385448455811,False,False,False,505691491,62.037756,0.10692,1.23284,8.10924666666667,1.02366666666667,48.7500038146973,49.4895846048991,48.2916698455811,505691066,52,90.7812118530273,0.12372350692749,1.33559104,,8.15944666666667,,,-55.1250025431315,,505690787,29.7988062103711,170.0,177.208333333333,1550.0,1.23226,8.1086,1.02310666666667,-39.3437538146973,-40.6666679382324,-44.8906269073486,505691070,1.28854,8.15944666666667,1.21446333333333,-54.8437538146973,-55.1250025431315,-71.8125012715658,3.38411940267756,3.64727288261153,3.41604551039678,-81.71875,-71.0746612548828
,15.2600000000001,-12.9375000296195,0.0115266396828922,1.11456,10.8990533333333,1.024765,-50.9375038146973,-50.0312512715658,-53.5937519073486,False,False,False,508376608,85.935824,0.05158,1.11288,10.8967,1.023435,45.71875,42.3645846048991,46.5937519073486,508375014,37,128.437504172325,0.208906233310699,1.705955584,,10.9207733333333,,,-52.1354192097982,,508372969,31.8212369283684,110.0,246.916656494141,1260.0,1.11254,10.8962866666667,1.02309,-33.6875038146973,-30.5833358764648,-45.1562528610229,508375018,1.24938,10.9207733333333,1.024795,-56.46875,-52.1354192097982,-53.6640644073486,4.46516013102756,3.76440263077767,4.05663188067109,-83.0625076293945,-68.442497253418
0.041972745613428,102.924444444444,-29.4349995766385,0.265094330547627,1.222,3.09586,1.02503,-64.5625,-64.2395884195964,-65.5,False,False,False,576137200,204.1356,0.0590200000000001,1.2205,3.09396,1.02358,40.75,33.625,32.6093769073486,576128228,45,206.562384963036,0.0405825674533844,1.288976896,,,,,,,576120017,31.6893713757341,50.0,51.8333320617676,680.0,1.22,3.09341333333333,1.02316,-35.5,-35.2812525431315,-37.1562519073486,576128235,1.22222,3.09651333333333,1.59501,-64.7812576293945,-64.6458358764648,-71.7343826293945,1.90700904547197,1.77213693726854,1.80572246256258,-95.375,-71.7164840698242
0.096114051068168,126.522857142857,-62.4074958377463,0.178292682926829,1.12848,5.13136,1.02552666666667,-49.21875,-50.9687525431315,-51.7968781789144,False,False,False,569865863,133.84024,0.04152,1.12606,5.12884666666667,1.02338333333333,48.5,46.875,46.7291685740153,569857662,44,156.250029802322,0.23134882748127,1.728274304,,5.16399333333333,,,-53.8125038146973,,569849591,23.9915613275714,70.0,102.708333333333,530.0,1.12554,5.12832,1.02292333333333,-38.59375,-40.8125,-44.6093781789144,569857689,1.18624,5.16399333333333,1.12109333333333,-54.8125038146973,-53.8125038146973,-64.9947942097982,4.1684272151271,4.279343903557,3.93795783720874,-82.1562576293945,-63.9925842285156
,11.7,-98.3924955400006,0.0196070234113713,1.14656,17.2259666666667,1.025705,-49.3125038146973,-55.0208346048991,-52.3125028610229,False,False,False,549197460,48.636712,0.06894,1.144,17.2234466666667,1.023695,52.8125,52.3437538146973,50.9765663146973,549116770,62,47.0312125980854,0.1703080534935,1.451524608,,,,,,,548457754,17.3418402639286,310.0,405.083333333333,1979.99987792969,1.14348,17.22288,1.023155,-40.2500038146973,-42.7708346048991,-48.6796894073486,549116774,1.26624,17.2262666666667,1.125065,-59.1875,-55.2812512715658,-73.1328182220459,4.52185971227099,4.55436441138628,4.1598660645431,-77.2187576293945,-71.553092956543
,,-32.9499968976243,0.008928571185287,1.15618,10.05955,1.025332,-49.78125,-52.6406288146973,-51.8875030517578,False,False,False,541549276,99.321072,0.0804,1.15444,10.05778,1.023644,39.8437538146973,40.5156288146973,37.6625007629395,541547852,58,96.4062511920929,0.0485958717763424,1.0550928,,10.1198,,,-55.1875038146973,,541546139,20.1826840257484,230.0,225.9375,1999.99987792969,1.15388,10.05724,1.023112,-41.2812538146973,-42.765625,-46.5562530517578,541547856,1.2322,10.1198,1.431544,-54.1875038146973,-55.1875038146973,-81.5750030517578,3.02471017639531,3.07588616793891,2.83608005048117,-91.4375,-80.655876159668
0.0231853582877685,53.17,-29.7675009641729,0.192857142857143,1.07458,3.00565333333333,1.02534,-54.9375038146973,-55.5833358764648,-56.4140644073486,False,False,False,561438910,172.540096,0.0205600000000001,1.07276,3.00382,1.023575,48.2812538146973,48.5,48.2578153610229,561436274,32,188.281282782555,0.179808765649796,1.536204928,,,,,,,561435279,20.1373027301854,70.0,49.5833333333333,310.0,1.0723,3.00334666666667,1.02315,-40.1875,-41.6458346048991,-44.7812509536743,561436278,1.07468,3.02331333333333,1.09665,-55.03125,-55.9895871480306,-63.7265644073486,3.44577196958429,3.26471099728892,3.11870788238564,-83.625,-62.545726776123
0.140634119549914,139.516666666667,-36.3574968742508,0.105186971295507,1.20372,3.40975333333333,1.02528,-49.5000038146973,-49.6458346048991,-51.6718769073486,False,False,False,528084254,107.089224,0.0521200000000002,1.20124,3.40737333333333,1.02336,39.71875,40.9895846048991,39.9531269073486,528042962,41,85.9378799796104,0.0736179947853088,1.431481856,,3.4438,,,-54.7187538146973,,528042185,50.0250547479963,60.0,59.5833307902018,900.0,1.20068,3.40680666666667,1.0229,-34.0,-34.4375,-42.9062538146973,528042950,1.27004,3.4438,1.74747,-54.625,-54.7187538146973,-64.1406307220459,3.20013668236165,3.07572220210141,3.35566302413722,-84.7187576293945,-64.2503051757812
,12.6200000000001,-9.36250035832309,0.0294642868455574,1.28572,14.1864266666667,1.02598,-54.5937538146973,-56.1875038146973,-56.3958371480306,False,False,False,528770373,50.19162,0.111,1.2833,14.1840533333333,1.02384666666667,42.6875,44.2395858764648,40.6354179382324,528763687,59,73.2812881469727,0.108067229390144,1.29518592,,,,,,,528759382,37.596289002824,170.0,328.958333333333,1740.0,1.2827,14.1834466666667,1.02329333333333,-41.21875,-42.1770858764648,-46.3333358764648,528763691,1.42496,14.18668,1.23015333333333,-58.6875038146973,-56.3958358764648,-69.7708333333333,3.27325872544628,3.37107807879571,3.19441848416159,-77.4375076293945,-69.3862457275391
0.0040767613098923,30.78,12.5000001668929,0.426663468885131,1.08868,7.46922666666667,1.02546,-64.9375,-65.8437525431315,-67.281255086263,False,False,False,527970489,146.379168,0.0417800000000002,1.08732,7.46764666666667,1.02348,17.9375,21.0937512715658,18.7395839691162,527947433,56,91.6294902563095,0.124895706772804,1.573971712,,,,,,,527944264,12.5758113416318,200.0,161.25,600.0,1.08696,7.46727333333333,1.02316,-36.0937538146973,-38.7708358764648,-44.2395846048991,527947417,1.09042,7.47098666666667,1.02982,-66.9687576293945,-67.6041692097982,-71.0937525431315,1.67143570023134,1.69152399562435,1.75051072039725,-78.59375,-66.4316329956055
0.181733251825194,169.0,-0.602500037708009,0.128030304799284,1.20974,7.37990666666667,1.02581,-51.1562538146973,-53.1145871480306,-53.1562519073486,False,False,False,549198379,110.23584,0.0705,1.20724,7.37742,1.023725,43.9375,44.1979192097982,41.6796884536743,549121507,39,132.656246423721,0.220652103424072,1.274338048,,,,,,,548461580,25.2528464101963,110.0,158.875,999.999938964844,1.20666,7.3768,1.02318,-37.2812538146973,-39.75,-43.8828134536743,549121514,1.27972,7.38031333333333,1.17125,-54.7500038146973,-53.3125025431315,-71.3203163146973,3.52410321651831,3.45751085275966,3.23191822204298,-85.7500076293945,-70.5821762084961
0.0021925964489924,40.084347826087,25.3625002943902,0.370191944402223,1.21212,2.32385,1.024744,-51.1562538146973,-50.125,-52.7562538146973,False,False,False,571735236,245.165728,0.03494,1.21036,2.32214,1.023424,42.3125038146973,42.4687538146973,43.0687522888184,571725008,45,261.249959468842,0.111967861652374,1.708546816,1.22854,2.3425,,-51.6562538146973,-51.9531288146973,,571718621,20.2367383432031,40.0,32.5,440.0,1.20996,2.32171,1.023072,-36.125,-38.328125,-38.8687507629395,571725010,1.22854,2.3425,1.590388,-51.6562538146973,-51.9531288146973,-65.1000030517578,3.72203758353696,3.67782649089727,3.11667776423176,-93.7500076293945,-64.4848709106445
0.0078078960147654,21.365652173913,29.6299998425731,0.566559738474756,1.22496,1.41876,1.02548,-56.9687538146973,-56.8645858764648,-57.7734413146973,False,False,False,601978029,464.684576,0.0139800000000001,1.223,1.41675333333333,1.02354,39.9062538146973,41.2604192097982,43.3281259536743,601966325,25,298.749953508377,0.0759210661053658,3.116900608,,,,,,,601927090,14.3873486560622,10.0,9.91666666666667,260.0,1.22244,1.41616666666667,1.023055,-43.4375038146973,-43.8854179382324,-40.7421894073486,601966524,1.22526,1.41918666666667,1.528325,-57.1250038146973,-57.0625025431315,-72.3984413146973,2.95273688453768,2.92970360924739,3.08032736459601,-98.6250076293945,-70.7114715576172
0.106825907466885,100.817777777778,5.56249967961775,0.118859649122807,1.26224,3.96969,1.02578666666667,-54.0312538146973,-55.1718769073486,-56.2500025431315,False,False,False,542177765,79.463864,0.0677000000000001,1.26004,3.96743,1.02373333333333,47.8125038146973,47.7031288146973,47.1041679382324,542176240,51,160.156145691872,0.13334983587265,1.216940288,,,,,,,542174958,42.2259893647848,90.0,73.6875,890.0,1.25948,3.96681,1.02318,-39.3125,-42.4687519073486,-46.5416692097982,542176217,1.26236,3.9699,1.42400666666667,-54.15625,-55.3437538146973,-67.0104217529297,3.43772469998015,3.42276558004084,3.38834387498568,-84.4062576293945,-67.3147048950195
,54.64,52.8149989020843,0.0258928574226337,1.176875,8.27014333333334,1.02572333333333,-58.21875,-52.9791704813639,-58.5416692097982,False,False,False,489390373,62.6111,0.0893950000000001,1.173885,8.265505,1.02363333333333,38.375,33.6979179382324,39.4791679382324,489344124,52,88.7500420212746,0.148097172379494,1.252812416,,8.37419666666667,,,-60.6562538146973,,489315599,37.9411059969497,170.0,181.083333333333,1729.99987792969,1.173335,8.26483333333333,1.02307833333333,-42.84375,-37.4479179382324,-60.8437525431315,489344128,1.331215,8.37419666666667,1.25460666666667,-59.2187538146973,-60.6562538146973,-79.1145884195964,4.1145487060369,3.63501132349984,3.97199976120404,-87.84375,-78.4676742553711
0.0855395370894898,125.582857142857,22.322499751426,0.171705495438884,1.18516,4.92898666666667,1.025176,-48.8437538146973,-49.3333371480306,-51.1312522888184,False,False,False,541614664,151.368768,0.0790000000000002,1.18292,4.92664666666667,1.023544,45.7500038146973,46.9479192097982,44.9437522888184,539681449,44,151.718705892563,0.0482042655348778,1.308525312,1.28468,4.97145333333333,,-53.4375,-52.9375012715658,,539659702,28.5564411957117,50.0,97.6666666666667,750.0,1.1824,4.92614,1.023108,-44.34375,-42.2916704813639,-47.3250030517578,539681429,1.28468,4.97145333333333,1.206724,-53.4375,-52.9375012715658,-71.9875,4.28323626204769,4.709598456536,3.84251082715859,-89.5625076293945,-72.6439514160156
0.649367088607589,15.8,61.2799949673004,0.0088217022157796,1.16138,21.4093,1.025108,-49.53125,-55.8229192097982,-50.7500022888184,False,False,False,537339968,42.488696,0.06402,1.15928,21.4069866666667,1.023392,52.1250038146973,50.4375,51.0812530517578,537324830,80,42.656134814024,0.196610078215599,1.458188672,,,,,,,537313600,19.4287719340757,300.0,509.625,2340.0,1.1588,21.4065133333333,1.022964,-43.5937538146973,-44.3958333333333,-54.1375030517578,537324815,1.1615,21.44418,1.02512,-49.6562538146973,-56.4895871480306,-50.7812538146973,4.71464023893336,4.80339508574339,4.63336347081975,-78.21875,-72.9747924804688
0.0412172104268072,92.394,-57.4525045593521,0.160460989614241,1.14388,2.62732,1.02588,-53.0,-55.7187538146973,-54.7812525431315,False,False,False,562383244,167.395488,0.038,1.14158,2.62462666666667,1.02375333333333,37.875,31.114585240682,27.6041673024495,562382100,58,193.593740463257,0.139001965522766,0.910445824,,2.66846666666667,,,-56.4166666666667,,562381210,28.2970609380415,60.0,40.1249987284342,430.0,1.141,2.62394666666667,1.0232,-35.3125,-40.3958371480306,-42.0625025431315,562382088,1.14442,2.66846666666667,1.12876,-53.3437538146973,-56.4166666666667,-61.8020871480306,2.68491861910253,2.47413083849375,2.39013303986094,-79.65625,-60.557502746582
0.0219761972189262,63.8986666666667,33.6575003978545,0.258563532390123,1.14082,2.26242,1.025616,-53.84375,-55.5000012715658,-55.4187530517578,False,False,False,613530164,258.809616,0.03582,1.1385,2.26013333333333,1.023568,46.8125,49.0625012715658,48.5000022888184,613507221,30,293.749928474426,0.116850018501282,1.557126912,1.16994,2.29868,,-55.28125,-57.2395833333333,,613438337,30.235742593948,30.0,30.9999993642171,420.0,1.13794,2.25958,1.023076,-37.5937538146973,-38.6562525431315,-41.8000007629395,613507205,1.16994,2.29868,1.15644,-55.28125,-57.2395833333333,-65.8187515258789,3.43945285649073,3.47015980701373,3.31884262037233,-96.5312576293945,-64.0891571044922
0.0153503261118707,51.2273684210526,-71.4900014187059,0.459469703870476,1.06986,3.5671,1.024056,-65.28125,-65.5208384195964,-66.99375,False,False,False,561466245,174.323424,0.018,1.06922,3.56632666666667,1.023432,29.3750019073486,25.2604185740153,34.1875007629395,561465447,41,112.499997019768,0.135548233985901,1.49921024,,,,,,,561465305,9.37373628644936,110.0,63.6666666666667,370.0,1.06892,3.56600666666667,1.02316,-42.0,-45.0833371480306,-49.0875030517578,561465451,1.06992,3.56719333333333,1.049092,-65.46875,-65.6875025431315,-68.5687545776367,1.44195334170223,1.5023644495497,1.5062700083293,-80.5312576293945,-66.8507308959961
,11.1600000000001,6.59749989015412,0.0079197463136573,1.16128,10.9913333333333,1.025416,-51.1875038146973,-50.7916704813639,-53.9250022888184,False,False,False,508414371,68.311752,0.08284,1.15928,10.9893866666667,1.023652,47.4062538146973,43.5208358764648,46.9937522888184,508411554,51,87.1874988079071,0.254444241523743,1.457573376,,11.0345866666667,,,-54.2083371480306,,508410761,33.9352316042905,210.0,249.249994913737,1760.0,1.15876,10.9887733333333,1.023136,-36.8125038146973,-36.5000025431315,-49.4750022888184,508411558,1.28996,11.0345866666667,1.0255,-56.0,-54.2083371480306,-54.0312530517578,3.62460788368559,3.28974461365637,3.79275264456756,-83.3750076293945,-73.6587219238281
,780.02,35.9874977040597,0.0596590934804645,1.16306,8.05432,1.025128,-52.9062538146973,-55.0000012715658,-53.4312515258789,False,False,False,549197641,93.463704,0.05162,1.16128,8.05262666666667,1.023644,45.875,44.8333346048991,44.4000015258789,549119792,37,113.750040531158,0.254937827587128,1.175264256,,8.09099333333334,,,-55.8541679382324,,548494556,19.7543110127049,130.0,175.83332824707,969.999938964844,1.16078,8.05212666666667,1.023188,-40.75,-42.1875025431315,-47.3437538146973,549119808,1.22704,8.09099333333334,1.123304,-56.8437538146973,-55.8541679382324,-70.0062545776367,3.14507355744676,3.02674387607721,3.17649438879022,-81.2500076293945,-69.0164413452148
0.130317472575037,89.806,-8.32000007083833,0.156472346009677,1.26228,2.68741333333333,1.026356,-48.1875,-48.9791679382324,-49.4375007629395,False,False,False,614747206,155.385248,0.05522,1.25906,2.68429333333333,1.023508,51.0625038146973,49.1354192097982,50.0000022888184,614733230,34,237.499997019768,0.0791404843330383,2.059119872,,,,,,,614726150,40.7668821505124,30.0,41.5833333333333,440.0,1.25854,2.68374666666667,1.023028,-37.90625,-39.3750025431315,-42.5125015258789,614733226,1.26248,2.68787333333333,1.026992,-48.4375038146973,-49.2395858764648,-49.7562515258789,4.77795907217093,4.85348784958137,4.57201961884264,-88.0000076293945,-62.8099746704102
0.0363155358382022,74.3766666666667,17.7400004408579,0.197957063711911,1.2797,4.38337333333333,1.025325,-55.4062538146973,-60.0208371480306,-58.5937538146973,False,False,False,530118501,160.717104,0.06454,1.27782,4.38154,1.02359,43.6875038146973,45.6979192097982,48.0468769073486,530002515,60,166.718855500221,0.0453096814453602,1.518280448,,,,,,,529997668,31.3896423050497,90.0,83.9583333333333,930.0,1.27724,4.38101333333333,1.02309,-42.3750038146973,-47.2083346048991,-50.7500028610229,530002499,1.2801,4.38366666666667,1.5023,-55.59375,-60.2291692097982,-74.0625038146973,2.80001651328174,3.22702878848923,3.28950776969056,-91.75,-73.6348342895508
0.0238699856391567,65.8,40.0950002366063,0.239804874649456,1.15806,1.94736666666667,1.024784,-53.6875,-55.3854192097982,-54.3625022888184,False,False,False,576126966,186.565472,0.03,1.15658,1.94572666666667,1.023312,42.5,42.4687512715658,42.3625007629395,576117048,36,207.343831658363,0.346218943595886,1.003848768,1.20614,,,-53.4062538146973,,,576112128,27.3581195209643,30.0,23.1249993642171,380.0,1.15602,1.94515333333333,1.022816,-43.9687538146973,-45.6875012715658,-48.0062522888184,576117066,1.15816,1.94744,1.303284,-53.7187538146973,-55.4583358764648,-62.9500045776367,2.4440870319269,2.46475354459755,2.40122594142008,-85.9375076293945,-61.8616752624512
0.0044811567627386,26.06,11.7524991474771,0.616868049395086,1.11228,1.50395,1.02479333333333,-61.2187538146973,-62.2812538146973,-62.8020858764648,False,False,False,596059545,743.157504,0.00974,1.11056,1.5023,1.02338666666667,45.3437538146973,47.6718769073486,46.1354192097982,596054024,39,481.25034570694,0.23084919154644,1.859753856,,,,,,,596028822,20.370342703047,20.0,12.0625,170.0,1.11008,1.50186,1.023,-39.2187538146973,-38.5937538146973,-42.1666666666667,596053983,1.11258,1.50421,1.04463333333333,-61.3750038146973,-62.4218769073486,-64.2083371480306,2.53058052190907,2.78974402436793,2.530947914786,-91.1250076293945,-60.4205513000488
0.027555642794307,45.4142857142857,-81.8599910079598,0.272250638354827,1.81966,2.05875333333333,1.026105,-49.0000038146973,-49.1979204813639,-53.6406269073486,False,False,False,561471530,266.265344,0.0314400000000001,1.81674,2.0558,1.023615,46.09375,45.4166679382324,45.3125028610229,561470507,34,227.812647819519,0.203377291560173,1.200796032,1.8236,2.06219333333333,,-50.4375038146973,-50.3020858764648,,561470292,23.7337465407144,20.0,25.9166660308838,360.0,1.81618,2.05523333333333,1.02312,-44.96875,-46.6041679382324,-49.4687519073486,561470495,1.8236,2.06219333333333,1.60127,-50.4375038146973,-50.3020858764648,-66.3828144073486,4.59317476735184,4.47705229262081,3.89678537862108,-89.4687576293945,-66.2766494750977
0.0422441077286632,130.765714285714,42.5499982470434,0.122168905950096,1.19412,3.87786,1.02645,-52.3125,-53.3958358764648,-54.59375,False,False,False,528640345,143.36952,0.0644400000000001,1.19032,3.87386666666667,1.02358,46.5,46.6458371480306,45.6093769073486,528638310,34,131.250068545341,0.112595096230507,1.512629888,1.19568,3.88014,,-52.8437538146973,-54.4791692097982,,528638057,31.521306727814,70.0,71.3333333333333,670.0,1.18972,3.87324,1.0231,-36.4375,-37.2083371480306,-43.9218769073486,528638314,1.19568,3.88014,1.41254,-52.8437538146973,-54.4791692097982,-64.6562538146973,4.62176752707538,4.6843251923964,4.72981236409071,-76.2812576293945,-63.4554824829102
0.0010541445131242,21.3265217391304,21.9599997908215,0.633296460176992,1.06902,5.24934,1.02536,-65.7187576293945,-64.2656326293945,-66.6953144073486,False,False,False,539912709,217.911984,0.01126,1.06724,5.24738,1.023675,22.5,14.296875,30.5625019073486,539646313,27,234.68741774559,0.063447892665863,1.299136768,,5.25019,,,-64.875,,539640410,26.4388729830127,90.0,105.6875,280.0,1.06672,5.24671,1.023215,-34.9062538146973,-32.4531259536743,-46.6718778610229,539646317,1.06964,5.25019,1.028215,-66.09375,-64.875,-68.9062538146973,1.54699135838031,1.04693744004755,2.00792576510878,-91.5312576293945,-65.7306289672852
0.0046117214243487,24.391,-1.80499994291428,0.615641476274165,1.20302,1.46584,1.025464,-63.0625038146973,-62.1250019073486,-62.4625022888184,False,False,False,611644280,708.685568,0.00878,1.20102,1.46379,1.023884,46.2187538146973,43.703125,44.3625007629395,611632636,27,578.125298023224,0.207273617386818,2.105673984,,,,,,,611598198,20.7897950930691,10.0,11.125,119.999992370605,1.20054,1.46331,1.023492,-39.3750038146973,-38.8125,-39.5375007629395,611632700,1.20512,1.46986,1.036796,-63.9375,-62.6093769073486,-64.6312515258789,2.99575843161762,3.11910396937802,2.59273387619896,-94.5937576293945,-60.3629341125488
0.158770197785718,102.3,-39.1674991051527,0.142738275340393,1.19314,4.30409333333333,1.02573,-50.65625,-51.0104204813639,-51.0156288146973,False,False,False,500990487,117.35876,0.0598000000000001,1.191,4.30173333333333,1.02366,34.78125,28.2291685740153,28.2812509536743,500988162,43,144.843742251396,0.109030991792679,1.075113984,,4.36192,,,-56.2500025431315,,500955009,24.8194358306391,70.0,82.0,700.0,1.1903,4.301,1.02301,-44.5625038146973,-46.2916692097982,-49.046875,500988144,1.2596,4.36192,1.62872,-54.5000038146973,-56.2500025431315,-71.6250076293945,2.95904347129999,2.6931994277521,2.89129951930044,-86.5625076293945,-70.985481262207
,,5.51999938813719,0.0166666707538428,1.11886,13.3594266666667,1.02464,-46.7812538146973,-51.8645858764648,-52.5625,False,False,False,508991448,66.037192,0.0530200000000001,1.11696,13.35752,1.02308,27.8437519073486,32.5520846048991,34.0312538146973,488708035,73,77.6785388588905,0.0911137461662292,2.461688832,,13.3915266666667,,,-54.4375012715658,,488707479,13.8329511656732,370.0,308.458333333333,2240.0,1.1164,13.3569533333333,1.02268,-32.28125,-33.1666666666667,-40.1875,488708039,1.15028,13.3915266666667,1.65914,-50.5312538146973,-54.4375012715658,-72.3125076293945,2.1828288235059,2.26837261565162,2.32346544973187,-81.9687576293945,-74.2749938964844
0.0166956831089538,31.5870967741936,4.04249984181648,0.456463415648748,1.06084,7.14777333333333,1.02393,-67.1875,-68.843755086263,-68.6562576293945,False,False,False,527906534,107.5052,0.01986,1.06032,7.14726,1.02342,24.6562519073486,27.114585240682,27.0468769073486,527899413,38,74.218824505806,0.0388335026800632,1.12509952,,,,,,,527898222,28.7579643540581,190.0,153.208333333333,620.0,1.06006,7.14698666666667,1.02318,-39.875,-40.1979179382324,-47.8750019073486,527899419,1.06088,7.1478,1.02396,-67.3437576293945,-68.9166717529297,-68.703125,1.2773423825618,1.2309309658045,1.33580170612117,-75.2812576293945,-68.1570358276367
0.0088057088986347,25.9308108108108,16.1149999594601,0.6339648987162,1.59138,5.27917333333333,1.023995,-65.46875,-64.1041679382324,-66.6640663146973,False,False,False,528074670,173.63112,0.0339,1.59054,5.27830666666667,1.02332,25.4687519073486,25.6770839691162,34.7890634536743,528003192,43,137.656211853027,0.0638109520077705,1.157229184,,,,,,,528002420,17.3341125063437,120.0,106.416666666667,420.0,1.59018,5.27793333333333,1.023025,-34.0625,-33.5104185740153,-43.9140634536743,528003180,1.5915,5.27928,1.025145,-65.5937576293945,-64.2604192097982,-66.8906307220459,1.20444535341324,1.1973319941335,1.31400316154648,-81.28125,-64.4197616577148
,,23.0774999804284,0.0501960871771641,1.25346,18.5523133333333,1.026075,-46.90625,-49.9270858764648,-50.3203134536743,False,False,False,528078498,33.614304,0.1323,1.25048,18.5492666666667,1.023555,52.7812538146973,53.6562538146973,51.4453163146973,528020318,117,42.5000749528408,0.0447871871292591,1.542467712,,18.6126466666667,,,-51.2500012715658,,528019077,32.2208825666732,330.0,438.208333333333,2770.0,1.25002,18.5487733333333,1.0231,-38.75,-40.3854192097982,-49.6640644073486,528020322,1.38688,18.6126466666667,1.170305,-54.71875,-51.2500012715658,-66.8437528610229,5.01012801004654,5.24061446225111,4.95356731843025,-76.2812576293945,-71.2519378662109
0.179194027185622,245.906666666667,-89.8924962244863,0.0571428571428571,1.19876,9.88812666666667,1.026348,-47.0,-44.4687538146973,-47.4937538146973,False,False,False,519841238,66.745424,0.0866200000000001,1.1954,9.88393333333333,1.0236,45.53125,42.0729204813639,46.24375,519838424,38,146.874636411667,0.160742223262787,1.393279232,,9.96278,,,-52.4166679382324,,519832676,50.0490308584905,130.0,221.58332824707,1300.0,1.19478,9.88322666666667,1.023048,-39.0312538146973,-34.0104179382324,-51.1562515258789,519838428,1.31134,9.96278,1.21102,-53.8750038146973,-52.4166679382324,-73.6937530517578,4.57486453842852,3.81798841538545,4.98060279769029,-84.2187576293945,-72.5476608276367
0.196551724137939,5.79999999999992,18.3524983404793,0.0148936164573392,1.08412,14.6673066666667,1.023968,-63.5625038146973,-63.1354179382324,-62.4250022888184,False,False,False,596063037,126.09972,0.0508600000000001,1.0835,14.6665866666667,1.023364,29.0000019073486,23.7812512715658,28.9375011444092,596054992,42,65.7812505960464,0.067695252597332,3.8082304,,,,,,,596020931,7.17732109498307,210.0,341.166666666667,800.0,1.08322,14.66628,1.0231,-39.1250038146973,-35.6875012715658,-47.7562530517578,596054864,1.08414,14.66734,1.336668,-63.5937538146973,-63.2395833333333,-75.5187530517578,1.4528902963157,1.44175403652863,1.55608686955127,-82.53125,-74.2602691650391
0.0138710745760265,49.9105263157895,2.7850000951235,0.458054711246201,1.07758,4.60686,1.02444,-63.7812538146973,-65.1354192097982,-65.6500030517578,False,False,False,542149612,180.655872,0.0209000000000001,1.0765,4.60578,1.023344,22.5937519073486,25.2500019073486,26.6187511444092,542144861,31,171.09377682209,0.0958126783370972,1.138223616,,4.60868666666667,,,-66.1145858764648,,542142697,16.5994003901876,90.0,89.625,460.0,1.07616,4.60542,1.02304,-39.3125,-36.7916692097982,-44.0562538146973,542144866,1.07922,4.60868666666667,1.220636,-64.8125,-66.1145858764648,-70.3312545776367,1.6075056851167,1.5449223490699,1.69780322020591,-88.4375076293945,-69.0925521850586
0.0249116680783884,78.7616666666667,-29.0574994621373,0.209782608695652,1.12434,4.68174,1.02511333333333,-54.6875038146973,-57.2708358764648,-59.8854192097982,False,False,False,508426069,276.723584,0.0367000000000002,1.12256,4.67972,1.02346,36.9062538146973,39.4166704813639,37.2395846048991,508422351,42,331.71871304512,0.0954350233078003,1.979614208,,,,,,,508420652,30.4043269578603,90.0,91.4583333333333,620.0,1.12204,4.67920666666667,1.02305333333333,-30.1250019073486,-31.583335240682,-38.2291692097982,508422339,1.12488,4.68212,1.46374666666667,-55.03125,-57.4791692097982,-72.4687525431315,2.41218521800766,2.42737390944258,2.57696248372351,-97.1562576293945,-72.2218856811523
,9.67999999999991,-7.64999955743528,0.0508695652173913,1.21922,7.16780666666667,1.025192,-50.15625,-51.8229204813639,-50.0937515258789,False,False,False,529951505,80.439304,0.0661800000000001,1.21664,7.16523333333333,1.023564,44.7187538146973,45.7291692097982,43.4062530517578,529868308,41,102.187499403954,0.19092033803463,1.432629888,,7.20505333333333,,,-54.5000025431315,,529863215,22.6735192503,110.0,153.625,1400.0,1.2161,7.16466,1.023068,-37.15625,-37.5729192097982,-44.4750030517578,529868312,1.31484,7.20505333333333,1.025232,-57.4687538146973,-54.5000025431315,-50.1375015258789,3.86229024558211,3.81742515933906,3.37624975751749,-82.0625076293945,-70.4816818237305
0.087248322147644,5.96000000000008,20.649999071809,0.0687350805506183,1.06434,8.86793333333333,1.023964,-59.3125038146973,-57.7500038146973,-60.9187522888184,False,False,False,576096171,171.016448,0.02284,1.06372,8.86719333333333,1.02336,27.9062519073486,21.4583346048991,30.8687519073486,576091735,46,118.124924600124,0.0769367143511772,1.242402176,,,,,,,576084692,8.89904956582412,110.0,196.166661580404,430.0,1.06342,8.86683333333333,1.023056,-34.0312538146973,-32.5208339691162,-43.3562522888184,576091784,1.06434,8.86799333333333,1.426244,-59.3125038146973,-57.9062525431315,-66.4250045776367,1.22148483200676,1.15036963666855,1.25318317931101,-79.71875,-65.3112258911133
,8.92000000000004,-3.08499970361198,0.269999960940819,1.05992,13.7437133333333,1.02385,-55.5625038146973,-58.0104192097982,-59.8750019073486,False,False,False,643589290,117.895176,0.0204800000000001,1.05932,13.74302,1.02326,6.84375047683716,6.84375031789144,9.57812547683716,643588063,55,67.9687857627869,0.0986564382910728,1.154072448,,,,,,,643575207,5.48314201870285,250.0,318.083333333333,730.0,1.05908,13.74276,1.023035,-37.8437538146973,-37.8229204813639,-47.3906288146973,643588067,1.05994,13.74384,1.50705,-55.6562538146973,-58.1666704813639,-73.8125038146973,1.41236835260908,1.34562963410596,1.46986540164163,-81.6875,-73.5054092407227
,,149.337500698898,0.0115422882387889,1.13444,14.16588,1.02588,-49.8125038146973,-49.0520846048991,-52.2343769073486,False,False,False,526862107,80.001152,0.0625800000000001,1.13166,14.1625333333333,1.02361333333333,45.0,36.4791704813639,46.0937525431315,526790057,49,75.0000327825546,0.0832458809018135,1.77949248,,14.1924133333333,,,-53.5729192097982,,526785799,22.9500856200316,230.0,328.5,1800.0,1.13106,14.1617466666667,1.02307,-39.875,-33.7291679382324,-51.5677096048991,526790062,1.18264,14.1924133333333,1.62714,-54.9687538146973,-53.5729192097982,-76.2291717529297,3.38753447406687,2.38064517030096,3.37751131253261,-85.5312576293945,-75.9722671508789
0.0666851596860571,119.322857142857,-15.0875006932338,0.113173652694611,1.31882,3.92895333333333,1.02484,-52.40625,-54.8541692097982,-52.2687515258789,False,False,False,520471458,202.184288,0.07334,1.3171,3.92722666666667,1.023332,52.6875038146973,53.1145871480306,52.5875038146973,520464559,42,223.124921321869,0.0366414934396744,3.026535168,,,,,,,520462275,51.7605610189936,80.0,72.5,1200.0,1.31666,3.92676666666667,1.022924,-33.59375,-34.9687525431315,-42.4937515258789,520464541,1.31882,3.92904666666667,1.888704,-52.40625,-54.9375025431315,-75.9937530517578,3.56012252861494,3.50055108725675,3.71419000047616,-98.5937576293945,-79.264778137207
